{
    "name": "Поджигатель",
    "author": "Emotes Pack",
    "description": "Ха-ха муррит до труфа",
    "emote":{
        "isLoop": "true",
        "returnTick": 10,
        "beginTick":0,
        "endTick":130,
        "stopTick":131,
        "degrees":false,
        "moves":[
            
            {
                "tick":10,
                "easing": "EASEINOUTQUAD",
                "turn": 0,
                "head":{
                    "y":-0.0
                }
            },
            {
                "tick":34,
                "easing": "EASEINOUTQUAD",
                "turn": 0,
                "head":{
                    "y":-0.0
                }
            },
            {
                "tick":55,
                "easing": "EASEINOUTQUAD",
                "turn": 0,
                "head":{
                    "y":-0.0
                }
            },
            {
                "tick":75,
                "easing": "EASEINOUTQUAD",
                "turn": 0,
                "head":{
                    "y":-0.0
                }
            },
            {
                "tick":83,
                "easing": "EASEINOUTQUAD",
                "turn": 0,
                "head":{
                    "y":-0.6821517944335938
                }
            },
            {
                "tick":87,
                "easing": "EASEINOUTQUAD",
                "turn": 0,
                "head":{
                    "y":0.4043693542480469
                }
            },
            {
                "tick":90,
                "easing": "EASEINOUTQUAD",
                "turn": 0,
                "head":{
                    "y":-0.5174970626831055
                }
            },
            {
                "tick":93,
                "easing": "EASEINOUTQUAD",
                "turn": 0,
                "head":{
                    "y":0.1480731964111328
                }
            },
            {
                "tick":97,
                "easing": "EASEINOUTQUAD",
                "turn": 0,
                "head":{
                    "y":-0.5678853988647461
                }
            },
            {
                "tick":100,
                "easing": "EASEINOUTQUAD",
                "turn": 0,
                "head":{
                    "y":0.2878150939941406
                }
            },
            {
                "tick":130,
                "easing": "EASEINOUTQUAD",
                "turn": 0,
                "head":{
                    "y":-0.0
                }
            },
            {
                "tick":10,
                "easing": "EASEINOUTQUAD",
                "turn": 0,
                "head":{
                    "z":-0.0
                }
            },
            {
                "tick":34,
                "easing": "EASEINOUTQUAD",
                "turn": 0,
                "head":{
                    "z":-0.0
                }
            },
            {
                "tick":55,
                "easing": "EASEINOUTQUAD",
                "turn": 0,
                "head":{
                    "z":-0.0
                }
            },
            {
                "tick":75,
                "easing": "EASEINOUTQUAD",
                "turn": 0,
                "head":{
                    "z":-0.0
                }
            },
            {
                "tick":83,
                "easing": "EASEINOUTQUAD",
                "turn": 0,
                "head":{
                    "z":-0.2617209851741791
                }
            },
            {
                "tick":87,
                "easing": "EASEINOUTQUAD",
                "turn": 0,
                "head":{
                    "z":0.15484583377838135
                }
            },
            {
                "tick":90,
                "easing": "EASEINOUTQUAD",
                "turn": 0,
                "head":{
                    "z":-0.19646605849266052
                }
            },
            {
                "tick":93,
                "easing": "EASEINOUTQUAD",
                "turn": 0,
                "head":{
                    "z":0.05417957901954651
                }
            },
            {
                "tick":97,
                "easing": "EASEINOUTQUAD",
                "turn": 0,
                "head":{
                    "z":-0.20887774229049683
                }
            },
            {
                "tick":100,
                "easing": "EASEINOUTQUAD",
                "turn": 0,
                "head":{
                    "z":0.1002056896686554
                }
            },
            {
                "tick":130,
                "easing": "EASEINOUTQUAD",
                "turn": 0,
                "head":{
                    "z":-0.0
                }
            },
            {
                "tick":10,
                "easing": "EASEINOUTQUAD",
                "turn": 0,
                "head":{
                    "x":-0.0
                }
            },
            {
                "tick":34,
                "easing": "EASEINOUTQUAD",
                "turn": 0,
                "head":{
                    "x":-0.0
                }
            },
            {
                "tick":55,
                "easing": "EASEINOUTQUAD",
                "turn": 0,
                "head":{
                    "x":-0.0
                }
            },
            {
                "tick":75,
                "easing": "EASEINOUTQUAD",
                "turn": 0,
                "head":{
                    "x":-0.0
                }
            },
            {
                "tick":83,
                "easing": "EASEINOUTQUAD",
                "turn": 0,
                "head":{
                    "x":0.0706450492143631
                }
            },
            {
                "tick":87,
                "easing": "EASEINOUTQUAD",
                "turn": 0,
                "head":{
                    "x":-0.041813455522060394
                }
            },
            {
                "tick":90,
                "easing": "EASEINOUTQUAD",
                "turn": 0,
                "head":{
                    "x":0.05269534885883331
                }
            },
            {
                "tick":93,
                "easing": "EASEINOUTQUAD",
                "turn": 0,
                "head":{
                    "x":-0.014240317046642303
                }
            },
            {
                "tick":97,
                "easing": "EASEINOUTQUAD",
                "turn": 0,
                "head":{
                    "x":0.05429444462060928
                }
            },
            {
                "tick":100,
                "easing": "EASEINOUTQUAD",
                "turn": 0,
                "head":{
                    "x":-0.02143360674381256
                }
            },
            {
                "tick":130,
                "easing": "EASEINOUTQUAD",
                "turn": 0,
                "head":{
                    "x":-0.0
                }
            },
            {
                "tick":10,
                "easing": "EASEINOUTQUAD",
                "turn": 0,
                "head":{
                    "yaw":-0.4159453213214874
                }
            },
            {
                "tick":34,
                "easing": "EASEINOUTQUAD",
                "turn": 0,
                "head":{
                    "yaw":0.3786693215370178
                }
            },
            {
                "tick":55,
                "easing": "EASEINOUTQUAD",
                "turn": 0,
                "head":{
                    "yaw":-0.5247688293457031
                }
            },
            {
                "tick":75,
                "easing": "EASEINOUTQUAD",
                "turn": 0,
                "head":{
                    "yaw":0.03956572338938713
                }
            },
            {
                "tick":83,
                "easing": "EASEINOUTQUAD",
                "turn": 0,
                "head":{
                    "yaw":0.03407594561576843
                }
            },
            {
                "tick":87,
                "easing": "EASEINOUTQUAD",
                "turn": 0,
                "head":{
                    "yaw":0.03407594561576843
                }
            },
            {
                "tick":90,
                "easing": "EASEINOUTQUAD",
                "turn": 0,
                "head":{
                    "yaw":0.03407594561576843
                }
            },
            {
                "tick":93,
                "easing": "EASEINOUTQUAD",
                "turn": 0,
                "head":{
                    "yaw":0.03407594561576843
                }
            },
            {
                "tick":97,
                "easing": "EASEINOUTQUAD",
                "turn": 0,
                "head":{
                    "yaw":0.03407594561576843
                }
            },
            {
                "tick":100,
                "easing": "EASEINOUTQUAD",
                "turn": 0,
                "head":{
                    "yaw":0.03407594561576843
                }
            },
            {
                "tick":130,
                "easing": "EASEINOUTQUAD",
                "turn": 0,
                "head":{
                    "yaw":-0.4159453213214874
                }
            },
            {
                "tick":10,
                "easing": "EASEINOUTQUAD",
                "turn": 0,
                "head":{
                    "roll":-0.200546532869339
                }
            },
            {
                "tick":34,
                "easing": "EASEINOUTQUAD",
                "turn": 0,
                "head":{
                    "roll":0.21293389797210693
                }
            },
            {
                "tick":55,
                "easing": "EASEINOUTQUAD",
                "turn": 0,
                "head":{
                    "roll":-0.16280552744865417
                }
            },
            {
                "tick":75,
                "easing": "EASEINOUTQUAD",
                "turn": 0,
                "head":{
                    "roll":0.12828698754310608
                }
            },
            {
                "tick":83,
                "easing": "EASEINOUTQUAD",
                "turn": 0,
                "head":{
                    "roll":0.16349059343338013
                }
            },
            {
                "tick":87,
                "easing": "EASEINOUTQUAD",
                "turn": 0,
                "head":{
                    "roll":0.16349059343338013
                }
            },
            {
                "tick":90,
                "easing": "EASEINOUTQUAD",
                "turn": 0,
                "head":{
                    "roll":0.16349059343338013
                }
            },
            {
                "tick":93,
                "easing": "EASEINOUTQUAD",
                "turn": 0,
                "head":{
                    "roll":0.16349059343338013
                }
            },
            {
                "tick":97,
                "easing": "EASEINOUTQUAD",
                "turn": 0,
                "head":{
                    "roll":0.16349059343338013
                }
            },
            {
                "tick":100,
                "easing": "EASEINOUTQUAD",
                "turn": 0,
                "head":{
                    "roll":0.16349059343338013
                }
            },
            {
                "tick":130,
                "easing": "EASEINOUTQUAD",
                "turn": 0,
                "head":{
                    "roll":-0.200546532869339
                }
            },
            {
                "tick":10,
                "easing": "EASEINOUTQUAD",
                "turn": 0,
                "head":{
                    "pitch":0.4380761384963989
                }
            },
            {
                "tick":34,
                "easing": "EASEINOUTQUAD",
                "turn": 0,
                "head":{
                    "pitch":0.34393250942230225
                }
            },
            {
                "tick":55,
                "easing": "EASEINOUTQUAD",
                "turn": 0,
                "head":{
                    "pitch":0.4114591181278229
                }
            },
            {
                "tick":75,
                "easing": "EASEINOUTQUAD",
                "turn": 0,
                "head":{
                    "pitch":0.3507605493068695
                }
            },
            {
                "tick":83,
                "easing": "EASEINOUTQUAD",
                "turn": 0,
                "head":{
                    "pitch":0.07464536279439926
                }
            },
            {
                "tick":87,
                "easing": "EASEINOUTQUAD",
                "turn": 0,
                "head":{
                    "pitch":0.07464536279439926
                }
            },
            {
                "tick":90,
                "easing": "EASEINOUTQUAD",
                "turn": 0,
                "head":{
                    "pitch":0.07464536279439926
                }
            },
            {
                "tick":93,
                "easing": "EASEINOUTQUAD",
                "turn": 0,
                "head":{
                    "pitch":0.07464536279439926
                }
            },
            {
                "tick":97,
                "easing": "EASEINOUTQUAD",
                "turn": 0,
                "head":{
                    "pitch":0.07464536279439926
                }
            },
            {
                "tick":100,
                "easing": "EASEINOUTQUAD",
                "turn": 0,
                "head":{
                    "pitch":0.07464536279439926
                }
            },
            {
                "tick":130,
                "easing": "EASEINOUTQUAD",
                "turn": 0,
                "head":{
                    "pitch":0.4380761384963989
                }
            },
            {
                "tick":10,
                "easing": "EASEINOUTQUAD",
                "turn": 0,
                "torso":{
                    "yaw":-0.6463727951049805
                }
            },
            {
                "tick":42,
                "easing": "EASEINOUTQUAD",
                "turn": 0,
                "torso":{
                    "yaw":-0.05526489019393921
                }
            },
            {
                "tick":65,
                "easing": "EASEINOUTQUAD",
                "turn": 0,
                "torso":{
                    "yaw":0.4023735225200653
                }
            },
            {
                "tick":95,
                "easing": "EASEINOUTQUAD",
                "turn": 0,
                "torso":{
                    "yaw":-0.05526489019393921
                }
            },
            {
                "tick":130,
                "easing": "EASEINOUTQUAD",
                "turn": 0,
                "torso":{
                    "yaw":-0.6463727951049805
                }
            },
            {
                "tick":10,
                "easing": "EASEINOUTQUAD",
                "turn": 0,
                "torso":{
                    "roll":-0.0
                }
            },
            {
                "tick":42,
                "easing": "EASEINOUTQUAD",
                "turn": 0,
                "torso":{
                    "roll":-0.09236765652894974
                }
            },
            {
                "tick":65,
                "easing": "EASEINOUTQUAD",
                "turn": 0,
                "torso":{
                    "roll":-0.10025714337825775
                }
            },
            {
                "tick":95,
                "easing": "EASEINOUTQUAD",
                "turn": 0,
                "torso":{
                    "roll":-0.09236765652894974
                }
            },
            {
                "tick":130,
                "easing": "EASEINOUTQUAD",
                "turn": 0,
                "torso":{
                    "roll":-0.0
                }
            },
            {
                "tick":10,
                "easing": "EASEINOUTQUAD",
                "turn": 0,
                "torso":{
                    "pitch":0.3614441156387329
                }
            },
            {
                "tick":42,
                "easing": "EASEINOUTQUAD",
                "turn": 0,
                "torso":{
                    "pitch":0.3614440858364105
                }
            },
            {
                "tick":65,
                "easing": "EASEINOUTQUAD",
                "turn": 0,
                "torso":{
                    "pitch":0.31695470213890076
                }
            },
            {
                "tick":95,
                "easing": "EASEINOUTQUAD",
                "turn": 0,
                "torso":{
                    "pitch":0.3614440858364105
                }
            },
            {
                "tick":130,
                "easing": "EASEINOUTQUAD",
                "turn": 0,
                "torso":{
                    "pitch":0.3614441156387329
                }
            },
            {
                "tick":10,
                "easing": "EASEINOUTQUAD",
                "turn": 0,
                "torso":{
                    "y":-0.003822705242782831
                }
            },
            {
                "tick":42,
                "easing": "EASEINOUTQUAD",
                "turn": 0,
                "torso":{
                    "y":-0.11211948096752167
                }
            },
            {
                "tick":65,
                "easing": "EASEINOUTQUAD",
                "turn": 0,
                "torso":{
                    "y":-0.014711815863847733
                }
            },
            {
                "tick":95,
                "easing": "EASEINOUTQUAD",
                "turn": 0,
                "torso":{
                    "y":-0.11211948096752167
                }
            },
            {
                "tick":130,
                "easing": "EASEINOUTQUAD",
                "turn": 0,
                "torso":{
                    "y":-0.003822705242782831
                }
            },
            {
                "tick":10,
                "easing": "EASEINOUTQUAD",
                "turn": 0,
                "torso":{
                    "x":-0.0034500984475016594
                }
            },
            {
                "tick":42,
                "easing": "EASEINOUTQUAD",
                "turn": 0,
                "torso":{
                    "x":-0.0034500984475016594
                }
            },
            {
                "tick":65,
                "easing": "EASEINOUTQUAD",
                "turn": 0,
                "torso":{
                    "x":-0.0034500984475016594
                }
            },
            {
                "tick":95,
                "easing": "EASEINOUTQUAD",
                "turn": 0,
                "torso":{
                    "x":-0.0034500984475016594
                }
            },
            {
                "tick":130,
                "easing": "EASEINOUTQUAD",
                "turn": 0,
                "torso":{
                    "x":-0.0034500984475016594
                }
            },
            {
                "tick":10,
                "easing": "EASEINOUTQUAD",
                "turn": 0,
                "torso":{
                    "z":0.13152705132961273
                }
            },
            {
                "tick":42,
                "easing": "EASEINOUTQUAD",
                "turn": 0,
                "torso":{
                    "z":0.24899962544441223
                }
            },
            {
                "tick":65,
                "easing": "EASEINOUTQUAD",
                "turn": 0,
                "torso":{
                    "z":-6.967782974243164e-05
                }
            },
            {
                "tick":95,
                "easing": "EASEINOUTQUAD",
                "turn": 0,
                "torso":{
                    "z":0.24899962544441223
                }
            },
            {
                "tick":130,
                "easing": "EASEINOUTQUAD",
                "turn": 0,
                "torso":{
                    "z":0.13152705132961273
                }
            },
            {
                "tick":7,
                "easing": "EASEINOUTQUAD",
                "turn": 0,
                "rightArm":{
                    "yaw":-0.33292579650878906
                }
            },
            {
                "tick":10,
                "easing": "EASEINOUTQUAD",
                "turn": 0,
                "rightArm":{
                    "yaw":-0.42465028166770935
                }
            },
            {
                "tick":42,
                "easing": "EASEINOUTQUAD",
                "turn": 0,
                "rightArm":{
                    "yaw":-0.5197290182113647
                }
            },
            {
                "tick":70,
                "easing": "EASEINOUTQUAD",
                "turn": 0,
                "rightArm":{
                    "yaw":-0.5197290182113647
                }
            },
            {
                "tick":85,
                "easing": "EASEINOUTQUAD",
                "turn": 0,
                "rightArm":{
                    "yaw":-0.6542913913726807
                }
            },
            {
                "tick":89,
                "easing": "EASEINOUTQUAD",
                "turn": 0,
                "rightArm":{
                    "yaw":-0.6381254196166992
                }
            },
            {
                "tick":100,
                "easing": "EASEINOUTQUAD",
                "turn": 0,
                "rightArm":{
                    "yaw":-0.5197290182113647
                }
            },
            {
                "tick":130,
                "easing": "EASEINOUTQUAD",
                "turn": 0,
                "rightArm":{
                    "yaw":-0.42465028166770935
                }
            },
            {
                "tick":7,
                "easing": "EASEINOUTQUAD",
                "turn": 0,
                "rightArm":{
                    "roll":0.06596730649471283
                }
            },
            {
                "tick":10,
                "easing": "EASEINOUTQUAD",
                "turn": 0,
                "rightArm":{
                    "roll":0.08414197713136673
                }
            },
            {
                "tick":42,
                "easing": "EASEINOUTQUAD",
                "turn": 0,
                "rightArm":{
                    "roll":-0.060414668172597885
                }
            },
            {
                "tick":70,
                "easing": "EASEINOUTQUAD",
                "turn": 0,
                "rightArm":{
                    "roll":-0.060414668172597885
                }
            },
            {
                "tick":85,
                "easing": "EASEINOUTQUAD",
                "turn": 0,
                "rightArm":{
                    "roll":-0.013059127144515514
                }
            },
            {
                "tick":89,
                "easing": "EASEINOUTQUAD",
                "turn": 0,
                "rightArm":{
                    "roll":-0.021365640684962273
                }
            },
            {
                "tick":100,
                "easing": "EASEINOUTQUAD",
                "turn": 0,
                "rightArm":{
                    "roll":-0.060414668172597885
                }
            },
            {
                "tick":130,
                "easing": "EASEINOUTQUAD",
                "turn": 0,
                "rightArm":{
                    "roll":0.08414197713136673
                }
            },
            {
                "tick":7,
                "easing": "EASEINOUTQUAD",
                "turn": 0,
                "rightArm":{
                    "y":0.8611001968383789
                }
            },
            {
                "tick":10,
                "easing": "EASEINOUTQUAD",
                "turn": 0,
                "rightArm":{
                    "y":2.0
                }
            },
            {
                "tick":42,
                "easing": "EASEINOUTQUAD",
                "turn": 0,
                "rightArm":{
                    "y":3.3469161987304688
                }
            },
            {
                "tick":70,
                "easing": "EASEINOUTQUAD",
                "turn": 0,
                "rightArm":{
                    "y":2.0020036697387695
                }
            },
            {
                "tick":85,
                "easing": "EASEINOUTQUAD",
                "turn": 0,
                "rightArm":{
                    "y":3.729111671447754
                }
            },
            {
                "tick":89,
                "easing": "EASEINOUTQUAD",
                "turn": 0,
                "rightArm":{
                    "y":2.42380428314209
                }
            },
            {
                "tick":100,
                "easing": "EASEINOUTQUAD",
                "turn": 0,
                "rightArm":{
                    "y":3.3469161987304688
                }
            },
            {
                "tick":130,
                "easing": "EASEINOUTQUAD",
                "turn": 0,
                "rightArm":{
                    "y":2.0
                }
            },
            {
                "tick":7,
                "easing": "EASEINOUTQUAD",
                "turn": 0,
                "rightArm":{
                    "z":-0.3316577076911926
                }
            },
            {
                "tick":10,
                "easing": "EASEINOUTQUAD",
                "turn": 0,
                "rightArm":{
                    "z":-0.0
                }
            },
            {
                "tick":42,
                "easing": "EASEINOUTQUAD",
                "turn": 0,
                "rightArm":{
                    "z":-0.7788114547729492
                }
            },
            {
                "tick":70,
                "easing": "EASEINOUTQUAD",
                "turn": 0,
                "rightArm":{
                    "z":-1.2794091701507568
                }
            },
            {
                "tick":85,
                "easing": "EASEINOUTQUAD",
                "turn": 0,
                "rightArm":{
                    "z":-0.7441890239715576
                }
            },
            {
                "tick":89,
                "easing": "EASEINOUTQUAD",
                "turn": 0,
                "rightArm":{
                    "z":-1.2377086877822876
                }
            },
            {
                "tick":100,
                "easing": "EASEINOUTQUAD",
                "turn": 0,
                "rightArm":{
                    "z":-0.7788114547729492
                }
            },
            {
                "tick":130,
                "easing": "EASEINOUTQUAD",
                "turn": 0,
                "rightArm":{
                    "z":-0.0
                }
            },
            {
                "tick":7,
                "easing": "EASEINOUTQUAD",
                "turn": 0,
                "rightArm":{
                    "x":-5.0
                }
            },
            {
                "tick":10,
                "easing": "EASEINOUTQUAD",
                "turn": 0,
                "rightArm":{
                    "x":-5.0
                }
            },
            {
                "tick":42,
                "easing": "EASEINOUTQUAD",
                "turn": 0,
                "rightArm":{
                    "x":-4.81796407699585
                }
            },
            {
                "tick":70,
                "easing": "EASEINOUTQUAD",
                "turn": 0,
                "rightArm":{
                    "x":-4.685237884521484
                }
            },
            {
                "tick":85,
                "easing": "EASEINOUTQUAD",
                "turn": 0,
                "rightArm":{
                    "x":-4.831449031829834
                }
            },
            {
                "tick":89,
                "easing": "EASEINOUTQUAD",
                "turn": 0,
                "rightArm":{
                    "x":-4.697746753692627
                }
            },
            {
                "tick":100,
                "easing": "EASEINOUTQUAD",
                "turn": 0,
                "rightArm":{
                    "x":-4.81796407699585
                }
            },
            {
                "tick":130,
                "easing": "EASEINOUTQUAD",
                "turn": 0,
                "rightArm":{
                    "x":-5.0
                }
            },
            {
                "tick":7,
                "easing": "EASEINOUTQUAD",
                "turn": 0,
                "rightArm":{
                    "pitch":0.21579894423484802
                }
            },
            {
                "tick":10,
                "easing": "EASEINOUTQUAD",
                "turn": 0,
                "rightArm":{
                    "pitch":0.2752537727355957
                }
            },
            {
                "tick":42,
                "easing": "EASEINOUTQUAD",
                "turn": 0,
                "rightArm":{
                    "pitch":0.2619597315788269
                }
            },
            {
                "tick":70,
                "easing": "EASEINOUTQUAD",
                "turn": 0,
                "rightArm":{
                    "pitch":0.2619597315788269
                }
            },
            {
                "tick":85,
                "easing": "EASEINOUTQUAD",
                "turn": 0,
                "rightArm":{
                    "pitch":-0.20795193314552307
                }
            },
            {
                "tick":89,
                "easing": "EASEINOUTQUAD",
                "turn": 0,
                "rightArm":{
                    "pitch":-0.1265658289194107
                }
            },
            {
                "tick":100,
                "easing": "EASEINOUTQUAD",
                "turn": 0,
                "rightArm":{
                    "pitch":0.2619597315788269
                }
            },
            {
                "tick":130,
                "easing": "EASEINOUTQUAD",
                "turn": 0,
                "rightArm":{
                    "pitch":0.2752537727355957
                }
            },
            {
                "tick":10,
                "easing": "EASEINOUTQUAD",
                "turn": 0,
                "rightArm":{
                    "bend":-1.4197925329208374
                }
            },
            {
                "tick":6,
                "easing": "EASEINOUTQUAD",
                "turn": 0,
                "leftArm":{
                    "roll":-0.38430681824684143
                }
            },
            {
                "tick":10,
                "easing": "EASEINOUTQUAD",
                "turn": 0,
                "leftArm":{
                    "roll":-0.5930661559104919
                }
            },
            {
                "tick":42,
                "easing": "EASEINOUTQUAD",
                "turn": 0,
                "leftArm":{
                    "roll":-0.5188958644866943
                }
            },
            {
                "tick":70,
                "easing": "EASEINOUTQUAD",
                "turn": 0,
                "leftArm":{
                    "roll":-0.5223929286003113
                }
            },
            {
                "tick":85,
                "easing": "EASEINOUTQUAD",
                "turn": 0,
                "leftArm":{
                    "roll":-0.519180417060852
                }
            },
            {
                "tick":89,
                "easing": "EASEINOUTQUAD",
                "turn": 0,
                "leftArm":{
                    "roll":-0.412484735250473
                }
            },
            {
                "tick":100,
                "easing": "EASEINOUTQUAD",
                "turn": 0,
                "leftArm":{
                    "roll":-0.5188958644866943
                }
            },
            {
                "tick":130,
                "easing": "EASEINOUTQUAD",
                "turn": 0,
                "leftArm":{
                    "roll":-0.5930661559104919
                }
            },
            {
                "tick":6,
                "easing": "EASEINOUTQUAD",
                "turn": 0,
                "leftArm":{
                    "yaw":0.3622913360595703
                }
            },
            {
                "tick":10,
                "easing": "EASEINOUTQUAD",
                "turn": 0,
                "leftArm":{
                    "yaw":0.5590915679931641
                }
            },
            {
                "tick":42,
                "easing": "EASEINOUTQUAD",
                "turn": 0,
                "leftArm":{
                    "yaw":0.6152155995368958
                }
            },
            {
                "tick":70,
                "easing": "EASEINOUTQUAD",
                "turn": 0,
                "leftArm":{
                    "yaw":0.3793950378894806
                }
            },
            {
                "tick":85,
                "easing": "EASEINOUTQUAD",
                "turn": 0,
                "leftArm":{
                    "yaw":0.046325743198394775
                }
            },
            {
                "tick":89,
                "easing": "EASEINOUTQUAD",
                "turn": 0,
                "leftArm":{
                    "yaw":-0.04448168724775314
                }
            },
            {
                "tick":100,
                "easing": "EASEINOUTQUAD",
                "turn": 0,
                "leftArm":{
                    "yaw":0.6152155995368958
                }
            },
            {
                "tick":130,
                "easing": "EASEINOUTQUAD",
                "turn": 0,
                "leftArm":{
                    "yaw":0.5590915679931641
                }
            },
            {
                "tick":6,
                "easing": "EASEINOUTQUAD",
                "turn": 0,
                "leftArm":{
                    "pitch":-0.734278678894043
                }
            },
            {
                "tick":10,
                "easing": "EASEINOUTQUAD",
                "turn": 0,
                "leftArm":{
                    "pitch":-1.1331461668014526
                }
            },
            {
                "tick":42,
                "easing": "EASEINOUTQUAD",
                "turn": 0,
                "leftArm":{
                    "pitch":-1.2278335094451904
                }
            },
            {
                "tick":70,
                "easing": "EASEINOUTQUAD",
                "turn": 0,
                "leftArm":{
                    "pitch":-1.3165276050567627
                }
            },
            {
                "tick":85,
                "easing": "EASEINOUTQUAD",
                "turn": 0,
                "leftArm":{
                    "pitch":-1.4067527055740356
                }
            },
            {
                "tick":89,
                "easing": "EASEINOUTQUAD",
                "turn": 0,
                "leftArm":{
                    "pitch":-1.4566879272460938
                }
            },
            {
                "tick":100,
                "easing": "EASEINOUTQUAD",
                "turn": 0,
                "leftArm":{
                    "pitch":-1.2278335094451904
                }
            },
            {
                "tick":130,
                "easing": "EASEINOUTQUAD",
                "turn": 0,
                "leftArm":{
                    "pitch":-1.1331461668014526
                }
            },
            {
                "tick":6,
                "easing": "EASEINOUTQUAD",
                "turn": 0,
                "leftArm":{
                    "y":0.770390510559082
                }
            },
            {
                "tick":10,
                "easing": "EASEINOUTQUAD",
                "turn": 0,
                "leftArm":{
                    "y":2.4401845932006836
                }
            },
            {
                "tick":42,
                "easing": "EASEINOUTQUAD",
                "turn": 0,
                "leftArm":{
                    "y":4.042243003845215
                }
            },
            {
                "tick":70,
                "easing": "EASEINOUTQUAD",
                "turn": 0,
                "leftArm":{
                    "y":4.042243003845215
                }
            },
            {
                "tick":85,
                "easing": "EASEINOUTQUAD",
                "turn": 0,
                "leftArm":{
                    "y":4.042243003845215
                }
            },
            {
                "tick":89,
                "easing": "EASEINOUTQUAD",
                "turn": 0,
                "leftArm":{
                    "y":4.042243003845215
                }
            },
            {
                "tick":100,
                "easing": "EASEINOUTQUAD",
                "turn": 0,
                "leftArm":{
                    "y":4.042243003845215
                }
            },
            {
                "tick":130,
                "easing": "EASEINOUTQUAD",
                "turn": 0,
                "leftArm":{
                    "y":2.4401845932006836
                }
            },
            {
                "tick":6,
                "easing": "EASEINOUTQUAD",
                "turn": 0,
                "leftArm":{
                    "z":-1.1159330606460571
                }
            },
            {
                "tick":10,
                "easing": "EASEINOUTQUAD",
                "turn": 0,
                "leftArm":{
                    "z":-1.16434907913208
                }
            },
            {
                "tick":42,
                "easing": "EASEINOUTQUAD",
                "turn": 0,
                "leftArm":{
                    "z":-1.3717715740203857
                }
            },
            {
                "tick":70,
                "easing": "EASEINOUTQUAD",
                "turn": 0,
                "leftArm":{
                    "z":-1.3717715740203857
                }
            },
            {
                "tick":85,
                "easing": "EASEINOUTQUAD",
                "turn": 0,
                "leftArm":{
                    "z":-1.3717715740203857
                }
            },
            {
                "tick":89,
                "easing": "EASEINOUTQUAD",
                "turn": 0,
                "leftArm":{
                    "z":-1.3717715740203857
                }
            },
            {
                "tick":100,
                "easing": "EASEINOUTQUAD",
                "turn": 0,
                "leftArm":{
                    "z":-1.3717715740203857
                }
            },
            {
                "tick":130,
                "easing": "EASEINOUTQUAD",
                "turn": 0,
                "leftArm":{
                    "z":-1.16434907913208
                }
            },
            {
                "tick":6,
                "easing": "EASEINOUTQUAD",
                "turn": 0,
                "leftArm":{
                    "x":3.930921792984009
                }
            },
            {
                "tick":10,
                "easing": "EASEINOUTQUAD",
                "turn": 0,
                "leftArm":{
                    "x":3.3501877784729004
                }
            },
            {
                "tick":42,
                "easing": "EASEINOUTQUAD",
                "turn": 0,
                "leftArm":{
                    "x":3.260042905807495
                }
            },
            {
                "tick":70,
                "easing": "EASEINOUTQUAD",
                "turn": 0,
                "leftArm":{
                    "x":3.260042905807495
                }
            },
            {
                "tick":85,
                "easing": "EASEINOUTQUAD",
                "turn": 0,
                "leftArm":{
                    "x":3.260042905807495
                }
            },
            {
                "tick":89,
                "easing": "EASEINOUTQUAD",
                "turn": 0,
                "leftArm":{
                    "x":3.260042905807495
                }
            },
            {
                "tick":100,
                "easing": "EASEINOUTQUAD",
                "turn": 0,
                "leftArm":{
                    "x":3.260042905807495
                }
            },
            {
                "tick":130,
                "easing": "EASEINOUTQUAD",
                "turn": 0,
                "leftArm":{
                    "x":3.3501877784729004
                }
            },
            {
                "tick":10,
                "easing": "EASEINOUTQUAD",
                "turn": 0,
                "rightLeg":{
                    "yaw":-0.24033446609973907
                }
            },
            {
                "tick":42,
                "easing": "EASEINOUTQUAD",
                "turn": 0,
                "rightLeg":{
                    "yaw":-0.20822332799434662
                }
            },
            {
                "tick":65,
                "easing": "EASEINOUTQUAD",
                "turn": 0,
                "rightLeg":{
                    "yaw":0.018773900344967842
                }
            },
            {
                "tick":95,
                "easing": "EASEINOUTQUAD",
                "turn": 0,
                "rightLeg":{
                    "yaw":-0.20822332799434662
                }
            },
            {
                "tick":130,
                "easing": "EASEINOUTQUAD",
                "turn": 0,
                "rightLeg":{
                    "yaw":-0.24033446609973907
                }
            },
            {
                "tick":10,
                "easing": "EASEINOUTQUAD",
                "turn": 0,
                "rightLeg":{
                    "roll":0.3350994884967804
                }
            },
            {
                "tick":42,
                "easing": "EASEINOUTQUAD",
                "turn": 0,
                "rightLeg":{
                    "roll":0.6212530136108398
                }
            },
            {
                "tick":65,
                "easing": "EASEINOUTQUAD",
                "turn": 0,
                "rightLeg":{
                    "roll":0.6133148074150085
                }
            },
            {
                "tick":95,
                "easing": "EASEINOUTQUAD",
                "turn": 0,
                "rightLeg":{
                    "roll":0.6212530136108398
                }
            },
            {
                "tick":130,
                "easing": "EASEINOUTQUAD",
                "turn": 0,
                "rightLeg":{
                    "roll":0.3350994884967804
                }
            },
            {
                "tick":10,
                "easing": "EASEINOUTQUAD",
                "turn": 0,
                "rightLeg":{
                    "pitch":0.5171254873275757
                }
            },
            {
                "tick":42,
                "easing": "EASEINOUTQUAD",
                "turn": 0,
                "rightLeg":{
                    "pitch":0.20896288752555847
                }
            },
            {
                "tick":65,
                "easing": "EASEINOUTQUAD",
                "turn": 0,
                "rightLeg":{
                    "pitch":1.0633121728897095
                }
            },
            {
                "tick":95,
                "easing": "EASEINOUTQUAD",
                "turn": 0,
                "rightLeg":{
                    "pitch":0.20896288752555847
                }
            },
            {
                "tick":130,
                "easing": "EASEINOUTQUAD",
                "turn": 0,
                "rightLeg":{
                    "pitch":0.5171254873275757
                }
            },
            {
                "tick":10,
                "easing": "EASEINOUTQUAD",
                "turn": 0,
                "rightLeg":{
                    "x":-1.9
                }
            },
            {
                "tick":42,
                "easing": "EASEINOUTQUAD",
                "turn": 0,
                "rightLeg":{
                    "x":-1.9
                }
            },
            {
                "tick":65,
                "easing": "EASEINOUTQUAD",
                "turn": 0,
                "rightLeg":{
                    "x":-1.1934460639953612
                }
            },
            {
                "tick":95,
                "easing": "EASEINOUTQUAD",
                "turn": 0,
                "rightLeg":{
                    "x":-1.9
                }
            },
            {
                "tick":130,
                "easing": "EASEINOUTQUAD",
                "turn": 0,
                "rightLeg":{
                    "x":-1.9
                }
            },
            {
                "tick":10,
                "easing": "EASEINOUTQUAD",
                "turn": 0,
                "rightLeg":{
                    "y":12.0
                }
            },
            {
                "tick":42,
                "easing": "EASEINOUTQUAD",
                "turn": 0,
                "rightLeg":{
                    "y":12.0
                }
            },
            {
                "tick":65,
                "easing": "EASEINOUTQUAD",
                "turn": 0,
                "rightLeg":{
                    "y":12.66584712266922
                }
            },
            {
                "tick":95,
                "easing": "EASEINOUTQUAD",
                "turn": 0,
                "rightLeg":{
                    "y":12.0
                }
            },
            {
                "tick":130,
                "easing": "EASEINOUTQUAD",
                "turn": 0,
                "rightLeg":{
                    "y":12.0
                }
            },
            {
                "tick":10,
                "easing": "EASEINOUTQUAD",
                "turn": 0,
                "rightLeg":{
                    "z":0.1
                }
            },
            {
                "tick":42,
                "easing": "EASEINOUTQUAD",
                "turn": 0,
                "rightLeg":{
                    "z":0.1
                }
            },
            {
                "tick":65,
                "easing": "EASEINOUTQUAD",
                "turn": 0,
                "rightLeg":{
                    "z":2.4332347869873048
                }
            },
            {
                "tick":95,
                "easing": "EASEINOUTQUAD",
                "turn": 0,
                "rightLeg":{
                    "z":0.1
                }
            },
            {
                "tick":130,
                "easing": "EASEINOUTQUAD",
                "turn": 0,
                "rightLeg":{
                    "z":0.1
                }
            },
            {
                "tick":10,
                "easing": "EASEINOUTQUAD",
                "turn": 0,
                "rightLeg":{
                    "bend":-0.0
                }
            },
            {
                "tick":42,
                "easing": "EASEINOUTQUAD",
                "turn": 0,
                "rightLeg":{
                    "bend":1.1578274965286255
                }
            },
            {
                "tick":65,
                "easing": "EASEINOUTQUAD",
                "turn": 0,
                "rightLeg":{
                    "bend":-0.0
                }
            },
            {
                "tick":95,
                "easing": "EASEINOUTQUAD",
                "turn": 0,
                "rightLeg":{
                    "bend":1.1578274965286255
                }
            },
            {
                "tick":130,
                "easing": "EASEINOUTQUAD",
                "turn": 0,
                "rightLeg":{
                    "bend":-0.0
                }
            },
            {
                "tick":10,
                "easing": "EASEINOUTQUAD",
                "turn": 0,
                "leftLeg":{
                    "yaw":-0.6228775978088379
                }
            },
            {
                "tick":42,
                "easing": "EASEINOUTQUAD",
                "turn": 0,
                "leftLeg":{
                    "yaw":-0.09612926840782166
                }
            },
            {
                "tick":65,
                "easing": "EASEINOUTQUAD",
                "turn": 0,
                "leftLeg":{
                    "yaw":0.3423963487148285
                }
            },
            {
                "tick":95,
                "easing": "EASEINOUTQUAD",
                "turn": 0,
                "leftLeg":{
                    "yaw":-0.09612926840782166
                }
            },
            {
                "tick":130,
                "easing": "EASEINOUTQUAD",
                "turn": 0,
                "leftLeg":{
                    "yaw":-0.6228775978088379
                }
            },
            {
                "tick":10,
                "easing": "EASEINOUTQUAD",
                "turn": 0,
                "leftLeg":{
                    "roll":-0.2818688750267029
                }
            },
            {
                "tick":42,
                "easing": "EASEINOUTQUAD",
                "turn": 0,
                "leftLeg":{
                    "roll":0.06413435935974121
                }
            },
            {
                "tick":65,
                "easing": "EASEINOUTQUAD",
                "turn": 0,
                "leftLeg":{
                    "roll":0.2236396074295044
                }
            },
            {
                "tick":95,
                "easing": "EASEINOUTQUAD",
                "turn": 0,
                "leftLeg":{
                    "roll":0.06413435935974121
                }
            },
            {
                "tick":130,
                "easing": "EASEINOUTQUAD",
                "turn": 0,
                "leftLeg":{
                    "roll":-0.2818688750267029
                }
            },
            {
                "tick":10,
                "easing": "EASEINOUTQUAD",
                "turn": 0,
                "leftLeg":{
                    "pitch":0.26162201166152954
                }
            },
            {
                "tick":42,
                "easing": "EASEINOUTQUAD",
                "turn": 0,
                "leftLeg":{
                    "pitch":-0.3940170407295227
                }
            },
            {
                "tick":65,
                "easing": "EASEINOUTQUAD",
                "turn": 0,
                "leftLeg":{
                    "pitch":0.1849062740802765
                }
            },
            {
                "tick":95,
                "easing": "EASEINOUTQUAD",
                "turn": 0,
                "leftLeg":{
                    "pitch":-0.3940170407295227
                }
            },
            {
                "tick":130,
                "easing": "EASEINOUTQUAD",
                "turn": 0,
                "leftLeg":{
                    "pitch":0.26162201166152954
                }
            },
            {
                "tick":10,
                "easing": "EASEINOUTQUAD",
                "turn": 0,
                "leftLeg":{
                    "y":12.0
                }
            },
            {
                "tick":42,
                "easing": "EASEINOUTQUAD",
                "turn": 0,
                "leftLeg":{
                    "y":12.0
                }
            },
            {
                "tick":65,
                "easing": "EASEINOUTQUAD",
                "turn": 0,
                "leftLeg":{
                    "y":12.0
                }
            },
            {
                "tick":95,
                "easing": "EASEINOUTQUAD",
                "turn": 0,
                "leftLeg":{
                    "y":12.0
                }
            },
            {
                "tick":130,
                "easing": "EASEINOUTQUAD",
                "turn": 0,
                "leftLeg":{
                    "y":12.0
                }
            },
            {
                "tick":10,
                "easing": "EASEINOUTQUAD",
                "turn": 0,
                "leftLeg":{
                    "z":-0.1
                }
            },
            {
                "tick":42,
                "easing": "EASEINOUTQUAD",
                "turn": 0,
                "leftLeg":{
                    "z":-0.1
                }
            },
            {
                "tick":65,
                "easing": "EASEINOUTQUAD",
                "turn": 0,
                "leftLeg":{
                    "z":-0.1
                }
            },
            {
                "tick":95,
                "easing": "EASEINOUTQUAD",
                "turn": 0,
                "leftLeg":{
                    "z":-0.1
                }
            },
            {
                "tick":130,
                "easing": "EASEINOUTQUAD",
                "turn": 0,
                "leftLeg":{
                    "z":-0.1
                }
            },
            {
                "tick":10,
                "easing": "EASEINOUTQUAD",
                "turn": 0,
                "leftLeg":{
                    "x":1.9
                }
            },
            {
                "tick":42,
                "easing": "EASEINOUTQUAD",
                "turn": 0,
                "leftLeg":{
                    "x":1.9
                }
            },
            {
                "tick":65,
                "easing": "EASEINOUTQUAD",
                "turn": 0,
                "leftLeg":{
                    "x":1.9
                }
            },
            {
                "tick":95,
                "easing": "EASEINOUTQUAD",
                "turn": 0,
                "leftLeg":{
                    "x":1.9
                }
            },
            {
                "tick":130,
                "easing": "EASEINOUTQUAD",
                "turn": 0,
                "leftLeg":{
                    "x":1.9
                }
            },
            {
                "tick":10,
                "easing": "EASEINOUTQUAD",
                "turn": 0,
                "leftLeg":{
                    "bend":0.18894730508327484
                }
            },
            {
                "tick":42,
                "easing": "EASEINOUTQUAD",
                "turn": 0,
                "leftLeg":{
                    "bend":0.7511712908744812
                }
            },
            {
                "tick":65,
                "easing": "EASEINOUTQUAD",
                "turn": 0,
                "leftLeg":{
                    "bend":0.18259739875793457
                }
            },
            {
                "tick":95,
                "easing": "EASEINOUTQUAD",
                "turn": 0,
                "leftLeg":{
                    "bend":0.7511712908744812
                }
            },
            {
                "tick":130,
                "easing": "EASEINOUTQUAD",
                "turn": 0,
                "leftLeg":{
                    "bend":0.18894730508327484
                }
            }
        ]
    }
}