{
    "name": "Читать книгу сидя",
    "author": "Emotes Pack",
    "description": "Ого, вот это сюжет!",
    "emote":{
        "isLoop": "true",
        "returnTick": 15,
        "beginTick":0,
        "endTick":220,
        "stopTick":221,
        "degrees":false,
        "moves":[
            
            {
                "tick":7,
                "easing": "EASEINOUTQUAD",
                "turn": 0,
                "head":{
                    "y":-0.02413654327392578
                }
            },
            {
                "tick":15,
                "easing": "EASEINOUTQUAD",
                "turn": 0,
                "head":{
                    "y":-0.053627967834472656
                }
            },
            {
                "tick":34,
                "easing": "EASEINOUTQUAD",
                "turn": 0,
                "head":{
                    "y":-0.053627967834472656
                }
            },
            {
                "tick":62,
                "easing": "EASEINOUTQUAD",
                "turn": 0,
                "head":{
                    "y":-0.053627967834472656
                }
            },
            {
                "tick":86,
                "easing": "EASEINOUTQUAD",
                "turn": 0,
                "head":{
                    "y":-0.053627967834472656
                }
            },
            {
                "tick":110,
                "easing": "EASEINOUTQUAD",
                "turn": 0,
                "head":{
                    "y":-0.053627967834472656
                }
            },
            {
                "tick":124,
                "easing": "EASEINOUTQUAD",
                "turn": 0,
                "head":{
                    "y":-0.053627967834472656
                }
            },
            {
                "tick":150,
                "easing": "EASEINOUTQUAD",
                "turn": 0,
                "head":{
                    "y":-0.053627967834472656
                }
            },
            {
                "tick":170,
                "easing": "EASEINOUTQUAD",
                "turn": 0,
                "head":{
                    "y":-0.053627967834472656
                }
            },
            {
                "tick":176,
                "easing": "EASEINOUTQUAD",
                "turn": 0,
                "head":{
                    "y":-0.673314094543457
                }
            },
            {
                "tick":188,
                "easing": "EASEINOUTQUAD",
                "turn": 0,
                "head":{
                    "y":-0.5601787567138672
                }
            },
            {
                "tick":197,
                "easing": "EASEINOUTQUAD",
                "turn": 0,
                "head":{
                    "y":-0.3845834732055664
                }
            },
            {
                "tick":200,
                "easing": "EASEINOUTQUAD",
                "turn": 0,
                "head":{
                    "y":-0.3845834732055664
                }
            },
            {
                "tick":207,
                "easing": "EASEINOUTQUAD",
                "turn": 0,
                "head":{
                    "y":-0.35016441345214844
                }
            },
            {
                "tick":210,
                "easing": "EASEINOUTQUAD",
                "turn": 0,
                "head":{
                    "y":-0.35016441345214844
                }
            },
            {
                "tick":220,
                "easing": "EASEINOUTQUAD",
                "turn": 0,
                "head":{
                    "y":-0.053627967834472656
                }
            },
            {
                "tick":7,
                "easing": "EASEINOUTQUAD",
                "turn": 0,
                "head":{
                    "z":-0.3259648382663727
                }
            },
            {
                "tick":15,
                "easing": "EASEINOUTQUAD",
                "turn": 0,
                "head":{
                    "z":-0.7242470979690552
                }
            },
            {
                "tick":34,
                "easing": "EASEINOUTQUAD",
                "turn": 0,
                "head":{
                    "z":-0.7242470979690552
                }
            },
            {
                "tick":62,
                "easing": "EASEINOUTQUAD",
                "turn": 0,
                "head":{
                    "z":-0.7242470979690552
                }
            },
            {
                "tick":86,
                "easing": "EASEINOUTQUAD",
                "turn": 0,
                "head":{
                    "z":-0.7242470979690552
                }
            },
            {
                "tick":110,
                "easing": "EASEINOUTQUAD",
                "turn": 0,
                "head":{
                    "z":-0.7242470979690552
                }
            },
            {
                "tick":124,
                "easing": "EASEINOUTQUAD",
                "turn": 0,
                "head":{
                    "z":-0.7242470979690552
                }
            },
            {
                "tick":150,
                "easing": "EASEINOUTQUAD",
                "turn": 0,
                "head":{
                    "z":-0.7242470979690552
                }
            },
            {
                "tick":170,
                "easing": "EASEINOUTQUAD",
                "turn": 0,
                "head":{
                    "z":-0.7242470979690552
                }
            },
            {
                "tick":176,
                "easing": "EASEINOUTQUAD",
                "turn": 0,
                "head":{
                    "z":-0.44763651490211487
                }
            },
            {
                "tick":188,
                "easing": "EASEINOUTQUAD",
                "turn": 0,
                "head":{
                    "z":-0.4981371760368347
                }
            },
            {
                "tick":197,
                "easing": "EASEINOUTQUAD",
                "turn": 0,
                "head":{
                    "z":-0.5765184164047241
                }
            },
            {
                "tick":200,
                "easing": "EASEINOUTQUAD",
                "turn": 0,
                "head":{
                    "z":-0.5765184164047241
                }
            },
            {
                "tick":207,
                "easing": "EASEINOUTQUAD",
                "turn": 0,
                "head":{
                    "z":-0.5918821692466736
                }
            },
            {
                "tick":210,
                "easing": "EASEINOUTQUAD",
                "turn": 0,
                "head":{
                    "z":-0.5918821692466736
                }
            },
            {
                "tick":220,
                "easing": "EASEINOUTQUAD",
                "turn": 0,
                "head":{
                    "z":-0.7242470979690552
                }
            },
            {
                "tick":7,
                "easing": "EASEINOUTQUAD",
                "turn": 0,
                "head":{
                    "x":-0.08813513815402985
                }
            },
            {
                "tick":15,
                "easing": "EASEINOUTQUAD",
                "turn": 0,
                "head":{
                    "x":-0.19582362473011017
                }
            },
            {
                "tick":34,
                "easing": "EASEINOUTQUAD",
                "turn": 0,
                "head":{
                    "x":-0.19582362473011017
                }
            },
            {
                "tick":62,
                "easing": "EASEINOUTQUAD",
                "turn": 0,
                "head":{
                    "x":-0.19582362473011017
                }
            },
            {
                "tick":86,
                "easing": "EASEINOUTQUAD",
                "turn": 0,
                "head":{
                    "x":-0.19582362473011017
                }
            },
            {
                "tick":110,
                "easing": "EASEINOUTQUAD",
                "turn": 0,
                "head":{
                    "x":-0.19582362473011017
                }
            },
            {
                "tick":124,
                "easing": "EASEINOUTQUAD",
                "turn": 0,
                "head":{
                    "x":-0.19582362473011017
                }
            },
            {
                "tick":150,
                "easing": "EASEINOUTQUAD",
                "turn": 0,
                "head":{
                    "x":-0.19582362473011017
                }
            },
            {
                "tick":170,
                "easing": "EASEINOUTQUAD",
                "turn": 0,
                "head":{
                    "x":-0.19582362473011017
                }
            },
            {
                "tick":176,
                "easing": "EASEINOUTQUAD",
                "turn": 0,
                "head":{
                    "x":-0.19582362473011017
                }
            },
            {
                "tick":188,
                "easing": "EASEINOUTQUAD",
                "turn": 0,
                "head":{
                    "x":-0.19582362473011017
                }
            },
            {
                "tick":197,
                "easing": "EASEINOUTQUAD",
                "turn": 0,
                "head":{
                    "x":-0.19582362473011017
                }
            },
            {
                "tick":200,
                "easing": "EASEINOUTQUAD",
                "turn": 0,
                "head":{
                    "x":-0.19582362473011017
                }
            },
            {
                "tick":207,
                "easing": "EASEINOUTQUAD",
                "turn": 0,
                "head":{
                    "x":-0.19582362473011017
                }
            },
            {
                "tick":210,
                "easing": "EASEINOUTQUAD",
                "turn": 0,
                "head":{
                    "x":-0.19582362473011017
                }
            },
            {
                "tick":220,
                "easing": "EASEINOUTQUAD",
                "turn": 0,
                "head":{
                    "x":-0.19582362473011017
                }
            },
            {
                "tick":7,
                "easing": "EASEINOUTQUAD",
                "turn": 0,
                "head":{
                    "yaw":0.012679539620876312
                }
            },
            {
                "tick":15,
                "easing": "EASEINOUTQUAD",
                "turn": 0,
                "head":{
                    "yaw":-0.18616995215415955
                }
            },
            {
                "tick":34,
                "easing": "EASEINOUTQUAD",
                "turn": 0,
                "head":{
                    "yaw":-0.28652602434158325
                }
            },
            {
                "tick":62,
                "easing": "EASEINOUTQUAD",
                "turn": 0,
                "head":{
                    "yaw":-0.13288773596286774
                }
            },
            {
                "tick":86,
                "easing": "EASEINOUTQUAD",
                "turn": 0,
                "head":{
                    "yaw":-0.19288568198680878
                }
            },
            {
                "tick":110,
                "easing": "EASEINOUTQUAD",
                "turn": 0,
                "head":{
                    "yaw":0.2754416763782501
                }
            },
            {
                "tick":124,
                "easing": "EASEINOUTQUAD",
                "turn": 0,
                "head":{
                    "yaw":0.34027808904647827
                }
            },
            {
                "tick":150,
                "easing": "EASEINOUTQUAD",
                "turn": 0,
                "head":{
                    "yaw":-0.11016593873500824
                }
            },
            {
                "tick":170,
                "easing": "EASEINOUTQUAD",
                "turn": 0,
                "head":{
                    "yaw":-0.14810150861740112
                }
            },
            {
                "tick":176,
                "easing": "EASEINOUTQUAD",
                "turn": 0,
                "head":{
                    "yaw":-0.14810150861740112
                }
            },
            {
                "tick":188,
                "easing": "EASEINOUTQUAD",
                "turn": 0,
                "head":{
                    "yaw":-0.2243490368127823
                }
            },
            {
                "tick":197,
                "easing": "EASEINOUTQUAD",
                "turn": 0,
                "head":{
                    "yaw":0.49706417322158813
                }
            },
            {
                "tick":200,
                "easing": "EASEINOUTQUAD",
                "turn": 0,
                "head":{
                    "yaw":0.49706417322158813
                }
            },
            {
                "tick":207,
                "easing": "EASEINOUTQUAD",
                "turn": 0,
                "head":{
                    "yaw":-0.5711562037467957
                }
            },
            {
                "tick":210,
                "easing": "EASEINOUTQUAD",
                "turn": 0,
                "head":{
                    "yaw":-0.5711562037467957
                }
            },
            {
                "tick":220,
                "easing": "EASEINOUTQUAD",
                "turn": 0,
                "head":{
                    "yaw":-0.18616995215415955
                }
            },
            {
                "tick":7,
                "easing": "EASEINOUTQUAD",
                "turn": 0,
                "head":{
                    "roll":0.009149391204118729
                }
            },
            {
                "tick":15,
                "easing": "EASEINOUTQUAD",
                "turn": 0,
                "head":{
                    "roll":-0.02097502537071705
                }
            },
            {
                "tick":34,
                "easing": "EASEINOUTQUAD",
                "turn": 0,
                "head":{
                    "roll":0.0549623928964138
                }
            },
            {
                "tick":62,
                "easing": "EASEINOUTQUAD",
                "turn": 0,
                "head":{
                    "roll":-0.08106979727745056
                }
            },
            {
                "tick":86,
                "easing": "EASEINOUTQUAD",
                "turn": 0,
                "head":{
                    "roll":-0.0801398754119873
                }
            },
            {
                "tick":110,
                "easing": "EASEINOUTQUAD",
                "turn": 0,
                "head":{
                    "roll":-0.08744701743125916
                }
            },
            {
                "tick":124,
                "easing": "EASEINOUTQUAD",
                "turn": 0,
                "head":{
                    "roll":-0.004037242382764816
                }
            },
            {
                "tick":150,
                "easing": "EASEINOUTQUAD",
                "turn": 0,
                "head":{
                    "roll":-0.05751751363277435
                }
            },
            {
                "tick":170,
                "easing": "EASEINOUTQUAD",
                "turn": 0,
                "head":{
                    "roll":-0.005343292839825153
                }
            },
            {
                "tick":176,
                "easing": "EASEINOUTQUAD",
                "turn": 0,
                "head":{
                    "roll":-0.005343292839825153
                }
            },
            {
                "tick":188,
                "easing": "EASEINOUTQUAD",
                "turn": 0,
                "head":{
                    "roll":-0.0030852514319121838
                }
            },
            {
                "tick":197,
                "easing": "EASEINOUTQUAD",
                "turn": 0,
                "head":{
                    "roll":-0.15315644443035126
                }
            },
            {
                "tick":200,
                "easing": "EASEINOUTQUAD",
                "turn": 0,
                "head":{
                    "roll":-0.15315644443035126
                }
            },
            {
                "tick":207,
                "easing": "EASEINOUTQUAD",
                "turn": 0,
                "head":{
                    "roll":0.12285948544740677
                }
            },
            {
                "tick":210,
                "easing": "EASEINOUTQUAD",
                "turn": 0,
                "head":{
                    "roll":0.12285948544740677
                }
            },
            {
                "tick":220,
                "easing": "EASEINOUTQUAD",
                "turn": 0,
                "head":{
                    "roll":-0.02097502537071705
                }
            },
            {
                "tick":7,
                "easing": "EASEINOUTQUAD",
                "turn": 0,
                "head":{
                    "pitch":-0.07946249842643738
                }
            },
            {
                "tick":15,
                "easing": "EASEINOUTQUAD",
                "turn": 0,
                "head":{
                    "pitch":-0.04733724892139435
                }
            },
            {
                "tick":34,
                "easing": "EASEINOUTQUAD",
                "turn": 0,
                "head":{
                    "pitch":-0.19244693219661713
                }
            },
            {
                "tick":62,
                "easing": "EASEINOUTQUAD",
                "turn": 0,
                "head":{
                    "pitch":-0.050958119332790375
                }
            },
            {
                "tick":86,
                "easing": "EASEINOUTQUAD",
                "turn": 0,
                "head":{
                    "pitch":-0.06324006617069244
                }
            },
            {
                "tick":110,
                "easing": "EASEINOUTQUAD",
                "turn": 0,
                "head":{
                    "pitch":-0.5590619444847107
                }
            },
            {
                "tick":124,
                "easing": "EASEINOUTQUAD",
                "turn": 0,
                "head":{
                    "pitch":-0.4378073215484619
                }
            },
            {
                "tick":150,
                "easing": "EASEINOUTQUAD",
                "turn": 0,
                "head":{
                    "pitch":-0.07122597098350525
                }
            },
            {
                "tick":170,
                "easing": "EASEINOUTQUAD",
                "turn": 0,
                "head":{
                    "pitch":-0.2508476674556732
                }
            },
            {
                "tick":176,
                "easing": "EASEINOUTQUAD",
                "turn": 0,
                "head":{
                    "pitch":-0.2508476674556732
                }
            },
            {
                "tick":188,
                "easing": "EASEINOUTQUAD",
                "turn": 0,
                "head":{
                    "pitch":-0.23235706984996796
                }
            },
            {
                "tick":197,
                "easing": "EASEINOUTQUAD",
                "turn": 0,
                "head":{
                    "pitch":-0.3436591625213623
                }
            },
            {
                "tick":200,
                "easing": "EASEINOUTQUAD",
                "turn": 0,
                "head":{
                    "pitch":-0.3436591625213623
                }
            },
            {
                "tick":207,
                "easing": "EASEINOUTQUAD",
                "turn": 0,
                "head":{
                    "pitch":-0.26317548751831055
                }
            },
            {
                "tick":210,
                "easing": "EASEINOUTQUAD",
                "turn": 0,
                "head":{
                    "pitch":-0.26317548751831055
                }
            },
            {
                "tick":220,
                "easing": "EASEINOUTQUAD",
                "turn": 0,
                "head":{
                    "pitch":-0.04733724892139435
                }
            },
            {
                "tick":15,
                "easing": "EASEINOUTQUAD",
                "turn": 0,
                "torso":{
                    "yaw":0.0
                }
            },
            {
                "tick":50,
                "easing": "EASEINOUTQUAD",
                "turn": 0,
                "torso":{
                    "yaw":0.0
                }
            },
            {
                "tick":80,
                "easing": "EASEINOUTQUAD",
                "turn": 0,
                "torso":{
                    "yaw":0.0
                }
            },
            {
                "tick":120,
                "easing": "EASEINOUTQUAD",
                "turn": 0,
                "torso":{
                    "yaw":0.0
                }
            },
            {
                "tick":150,
                "easing": "EASEINOUTQUAD",
                "turn": 0,
                "torso":{
                    "yaw":0.0
                }
            },
            {
                "tick":190,
                "easing": "EASEINOUTQUAD",
                "turn": 0,
                "torso":{
                    "yaw":0.0
                }
            },
            {
                "tick":220,
                "easing": "EASEINOUTQUAD",
                "turn": 0,
                "torso":{
                    "yaw":0.0
                }
            },
            {
                "tick":15,
                "easing": "EASEINOUTQUAD",
                "turn": 0,
                "torso":{
                    "roll":-0.0
                }
            },
            {
                "tick":50,
                "easing": "EASEINOUTQUAD",
                "turn": 0,
                "torso":{
                    "roll":-0.0
                }
            },
            {
                "tick":80,
                "easing": "EASEINOUTQUAD",
                "turn": 0,
                "torso":{
                    "roll":-0.0
                }
            },
            {
                "tick":120,
                "easing": "EASEINOUTQUAD",
                "turn": 0,
                "torso":{
                    "roll":-0.0
                }
            },
            {
                "tick":150,
                "easing": "EASEINOUTQUAD",
                "turn": 0,
                "torso":{
                    "roll":-0.0
                }
            },
            {
                "tick":190,
                "easing": "EASEINOUTQUAD",
                "turn": 0,
                "torso":{
                    "roll":-0.0
                }
            },
            {
                "tick":220,
                "easing": "EASEINOUTQUAD",
                "turn": 0,
                "torso":{
                    "roll":-0.0
                }
            },
            {
                "tick":15,
                "easing": "EASEINOUTQUAD",
                "turn": 0,
                "torso":{
                    "pitch":0.665221095085144
                }
            },
            {
                "tick":50,
                "easing": "EASEINOUTQUAD",
                "turn": 0,
                "torso":{
                    "pitch":0.628087043762207
                }
            },
            {
                "tick":80,
                "easing": "EASEINOUTQUAD",
                "turn": 0,
                "torso":{
                    "pitch":0.665221095085144
                }
            },
            {
                "tick":120,
                "easing": "EASEINOUTQUAD",
                "turn": 0,
                "torso":{
                    "pitch":0.628087043762207
                }
            },
            {
                "tick":150,
                "easing": "EASEINOUTQUAD",
                "turn": 0,
                "torso":{
                    "pitch":0.665221095085144
                }
            },
            {
                "tick":190,
                "easing": "EASEINOUTQUAD",
                "turn": 0,
                "torso":{
                    "pitch":0.628087043762207
                }
            },
            {
                "tick":220,
                "easing": "EASEINOUTQUAD",
                "turn": 0,
                "torso":{
                    "pitch":0.665221095085144
                }
            },
            {
                "tick":15,
                "easing": "EASEINOUTQUAD",
                "turn": 0,
                "torso":{
                    "y":-0.6455857157707214
                }
            },
            {
                "tick":50,
                "easing": "EASEINOUTQUAD",
                "turn": 0,
                "torso":{
                    "y":-0.6153048872947693
                }
            },
            {
                "tick":80,
                "easing": "EASEINOUTQUAD",
                "turn": 0,
                "torso":{
                    "y":-0.6455857157707214
                }
            },
            {
                "tick":120,
                "easing": "EASEINOUTQUAD",
                "turn": 0,
                "torso":{
                    "y":-0.6153048872947693
                }
            },
            {
                "tick":150,
                "easing": "EASEINOUTQUAD",
                "turn": 0,
                "torso":{
                    "y":-0.6455857157707214
                }
            },
            {
                "tick":190,
                "easing": "EASEINOUTQUAD",
                "turn": 0,
                "torso":{
                    "y":-0.6153048872947693
                }
            },
            {
                "tick":220,
                "easing": "EASEINOUTQUAD",
                "turn": 0,
                "torso":{
                    "y":-0.6455857157707214
                }
            },
            {
                "tick":15,
                "easing": "EASEINOUTQUAD",
                "turn": 0,
                "torso":{
                    "x":0.0
                }
            },
            {
                "tick":50,
                "easing": "EASEINOUTQUAD",
                "turn": 0,
                "torso":{
                    "x":0.0
                }
            },
            {
                "tick":80,
                "easing": "EASEINOUTQUAD",
                "turn": 0,
                "torso":{
                    "x":0.0
                }
            },
            {
                "tick":120,
                "easing": "EASEINOUTQUAD",
                "turn": 0,
                "torso":{
                    "x":0.0
                }
            },
            {
                "tick":150,
                "easing": "EASEINOUTQUAD",
                "turn": 0,
                "torso":{
                    "x":0.0
                }
            },
            {
                "tick":190,
                "easing": "EASEINOUTQUAD",
                "turn": 0,
                "torso":{
                    "x":0.0
                }
            },
            {
                "tick":220,
                "easing": "EASEINOUTQUAD",
                "turn": 0,
                "torso":{
                    "x":0.0
                }
            },
            {
                "tick":15,
                "easing": "EASEINOUTQUAD",
                "turn": 0,
                "torso":{
                    "z":-0.0
                }
            },
            {
                "tick":50,
                "easing": "EASEINOUTQUAD",
                "turn": 0,
                "torso":{
                    "z":-0.0
                }
            },
            {
                "tick":80,
                "easing": "EASEINOUTQUAD",
                "turn": 0,
                "torso":{
                    "z":-0.0
                }
            },
            {
                "tick":120,
                "easing": "EASEINOUTQUAD",
                "turn": 0,
                "torso":{
                    "z":-0.0
                }
            },
            {
                "tick":150,
                "easing": "EASEINOUTQUAD",
                "turn": 0,
                "torso":{
                    "z":-0.0
                }
            },
            {
                "tick":190,
                "easing": "EASEINOUTQUAD",
                "turn": 0,
                "torso":{
                    "z":-0.0
                }
            },
            {
                "tick":220,
                "easing": "EASEINOUTQUAD",
                "turn": 0,
                "torso":{
                    "z":-0.0
                }
            },
            {
                "tick":15,
                "easing": "EASEINOUTQUAD",
                "turn": 0,
                "torso":{
                    "bend":0.920191764831543
                }
            },
            {
                "tick":44,
                "easing": "EASEINOUTQUAD",
                "turn": 0,
                "torso":{
                    "bend":1.0608439445495605
                }
            },
            {
                "tick":74,
                "easing": "EASEINOUTQUAD",
                "turn": 0,
                "torso":{
                    "bend":0.920191764831543
                }
            },
            {
                "tick":114,
                "easing": "EASEINOUTQUAD",
                "turn": 0,
                "torso":{
                    "bend":1.0608439445495605
                }
            },
            {
                "tick":144,
                "easing": "EASEINOUTQUAD",
                "turn": 0,
                "torso":{
                    "bend":0.920191764831543
                }
            },
            {
                "tick":184,
                "easing": "EASEINOUTQUAD",
                "turn": 0,
                "torso":{
                    "bend":1.0608439445495605
                }
            },
            {
                "tick":220,
                "easing": "EASEINOUTQUAD",
                "turn": 0,
                "torso":{
                    "bend":0.920191764831543
                }
            },
            {
                "tick":15,
                "easing": "EASEINOUTQUAD",
                "turn": 0,
                "rightArm":{
                    "yaw":-0.27099084854125977
                }
            },
            {
                "tick":44,
                "easing": "EASEINOUTQUAD",
                "turn": 0,
                "rightArm":{
                    "yaw":-0.19394995272159576
                }
            },
            {
                "tick":74,
                "easing": "EASEINOUTQUAD",
                "turn": 0,
                "rightArm":{
                    "yaw":-0.27099084854125977
                }
            },
            {
                "tick":114,
                "easing": "EASEINOUTQUAD",
                "turn": 0,
                "rightArm":{
                    "yaw":-0.1755729466676712
                }
            },
            {
                "tick":144,
                "easing": "EASEINOUTQUAD",
                "turn": 0,
                "rightArm":{
                    "yaw":-0.27099084854125977
                }
            },
            {
                "tick":170,
                "easing": "EASEINOUTQUAD",
                "turn": 0,
                "rightArm":{
                    "yaw":-0.21565622091293335
                }
            },
            {
                "tick":176,
                "easing": "EASEINOUTQUAD",
                "turn": 0,
                "rightArm":{
                    "yaw":-0.32414114475250244
                }
            },
            {
                "tick":191,
                "easing": "EASEINOUTQUAD",
                "turn": 0,
                "rightArm":{
                    "yaw":-0.24159878492355347
                }
            },
            {
                "tick":197,
                "easing": "EASEINOUTQUAD",
                "turn": 0,
                "rightArm":{
                    "yaw":0.23896349966526031
                }
            },
            {
                "tick":201,
                "easing": "EASEINOUTQUAD",
                "turn": 0,
                "rightArm":{
                    "yaw":0.23896349966526031
                }
            },
            {
                "tick":207,
                "easing": "EASEINOUTQUAD",
                "turn": 0,
                "rightArm":{
                    "yaw":-0.3674760162830353
                }
            },
            {
                "tick":210,
                "easing": "EASEINOUTQUAD",
                "turn": 0,
                "rightArm":{
                    "yaw":-0.3933834135532379
                }
            },
            {
                "tick":220,
                "easing": "EASEINOUTQUAD",
                "turn": 0,
                "rightArm":{
                    "yaw":-0.27099084854125977
                }
            },
            {
                "tick":15,
                "easing": "EASEINOUTQUAD",
                "turn": 0,
                "rightArm":{
                    "roll":0.5260427594184875
                }
            },
            {
                "tick":44,
                "easing": "EASEINOUTQUAD",
                "turn": 0,
                "rightArm":{
                    "roll":0.5563994646072388
                }
            },
            {
                "tick":74,
                "easing": "EASEINOUTQUAD",
                "turn": 0,
                "rightArm":{
                    "roll":0.5260427594184875
                }
            },
            {
                "tick":114,
                "easing": "EASEINOUTQUAD",
                "turn": 0,
                "rightArm":{
                    "roll":0.5348142981529236
                }
            },
            {
                "tick":144,
                "easing": "EASEINOUTQUAD",
                "turn": 0,
                "rightArm":{
                    "roll":0.5260427594184875
                }
            },
            {
                "tick":170,
                "easing": "EASEINOUTQUAD",
                "turn": 0,
                "rightArm":{
                    "roll":0.5525475740432739
                }
            },
            {
                "tick":176,
                "easing": "EASEINOUTQUAD",
                "turn": 0,
                "rightArm":{
                    "roll":0.7141152620315552
                }
            },
            {
                "tick":191,
                "easing": "EASEINOUTQUAD",
                "turn": 0,
                "rightArm":{
                    "roll":0.7671669125556946
                }
            },
            {
                "tick":197,
                "easing": "EASEINOUTQUAD",
                "turn": 0,
                "rightArm":{
                    "roll":0.5598242878913879
                }
            },
            {
                "tick":201,
                "easing": "EASEINOUTQUAD",
                "turn": 0,
                "rightArm":{
                    "roll":0.5598242878913879
                }
            },
            {
                "tick":207,
                "easing": "EASEINOUTQUAD",
                "turn": 0,
                "rightArm":{
                    "roll":1.1029350757598877
                }
            },
            {
                "tick":210,
                "easing": "EASEINOUTQUAD",
                "turn": 0,
                "rightArm":{
                    "roll":1.138698935508728
                }
            },
            {
                "tick":220,
                "easing": "EASEINOUTQUAD",
                "turn": 0,
                "rightArm":{
                    "roll":0.5260427594184875
                }
            },
            {
                "tick":15,
                "easing": "EASEINOUTQUAD",
                "turn": 0,
                "rightArm":{
                    "y":2.521237373352051
                }
            },
            {
                "tick":44,
                "easing": "EASEINOUTQUAD",
                "turn": 0,
                "rightArm":{
                    "y":2.813854217529297
                }
            },
            {
                "tick":74,
                "easing": "EASEINOUTQUAD",
                "turn": 0,
                "rightArm":{
                    "y":2.521237373352051
                }
            },
            {
                "tick":114,
                "easing": "EASEINOUTQUAD",
                "turn": 0,
                "rightArm":{
                    "y":2.813854217529297
                }
            },
            {
                "tick":144,
                "easing": "EASEINOUTQUAD",
                "turn": 0,
                "rightArm":{
                    "y":2.521237373352051
                }
            },
            {
                "tick":170,
                "easing": "EASEINOUTQUAD",
                "turn": 0,
                "rightArm":{
                    "y":2.66176700592041
                }
            },
            {
                "tick":176,
                "easing": "EASEINOUTQUAD",
                "turn": 0,
                "rightArm":{
                    "y":2.0622472763061523
                }
            },
            {
                "tick":191,
                "easing": "EASEINOUTQUAD",
                "turn": 0,
                "rightArm":{
                    "y":2.1172046661376953
                }
            },
            {
                "tick":197,
                "easing": "EASEINOUTQUAD",
                "turn": 0,
                "rightArm":{
                    "y":2.6346521377563477
                }
            },
            {
                "tick":201,
                "easing": "EASEINOUTQUAD",
                "turn": 0,
                "rightArm":{
                    "y":2.760159492492676
                }
            },
            {
                "tick":207,
                "easing": "EASEINOUTQUAD",
                "turn": 0,
                "rightArm":{
                    "y":1.8688068389892578
                }
            },
            {
                "tick":210,
                "easing": "EASEINOUTQUAD",
                "turn": 0,
                "rightArm":{
                    "y":1.8688068389892578
                }
            },
            {
                "tick":220,
                "easing": "EASEINOUTQUAD",
                "turn": 0,
                "rightArm":{
                    "y":2.521237373352051
                }
            },
            {
                "tick":15,
                "easing": "EASEINOUTQUAD",
                "turn": 0,
                "rightArm":{
                    "z":-1.6104686260223389
                }
            },
            {
                "tick":44,
                "easing": "EASEINOUTQUAD",
                "turn": 0,
                "rightArm":{
                    "z":-0.9760818481445312
                }
            },
            {
                "tick":74,
                "easing": "EASEINOUTQUAD",
                "turn": 0,
                "rightArm":{
                    "z":-1.6104686260223389
                }
            },
            {
                "tick":114,
                "easing": "EASEINOUTQUAD",
                "turn": 0,
                "rightArm":{
                    "z":-0.9760818481445312
                }
            },
            {
                "tick":144,
                "easing": "EASEINOUTQUAD",
                "turn": 0,
                "rightArm":{
                    "z":-1.6104686260223389
                }
            },
            {
                "tick":170,
                "easing": "EASEINOUTQUAD",
                "turn": 0,
                "rightArm":{
                    "z":-1.3319735527038574
                }
            },
            {
                "tick":176,
                "easing": "EASEINOUTQUAD",
                "turn": 0,
                "rightArm":{
                    "z":-2.5593395233154297
                }
            },
            {
                "tick":191,
                "easing": "EASEINOUTQUAD",
                "turn": 0,
                "rightArm":{
                    "z":-2.4610648155212402
                }
            },
            {
                "tick":197,
                "easing": "EASEINOUTQUAD",
                "turn": 0,
                "rightArm":{
                    "z":-0.8609503507614136
                }
            },
            {
                "tick":201,
                "easing": "EASEINOUTQUAD",
                "turn": 0,
                "rightArm":{
                    "z":-0.9199716448783875
                }
            },
            {
                "tick":207,
                "easing": "EASEINOUTQUAD",
                "turn": 0,
                "rightArm":{
                    "z":-3.06341814994812
                }
            },
            {
                "tick":210,
                "easing": "EASEINOUTQUAD",
                "turn": 0,
                "rightArm":{
                    "z":-3.06341814994812
                }
            },
            {
                "tick":220,
                "easing": "EASEINOUTQUAD",
                "turn": 0,
                "rightArm":{
                    "z":-1.6104686260223389
                }
            },
            {
                "tick":15,
                "easing": "EASEINOUTQUAD",
                "turn": 0,
                "rightArm":{
                    "x":-4.536212921142578
                }
            },
            {
                "tick":44,
                "easing": "EASEINOUTQUAD",
                "turn": 0,
                "rightArm":{
                    "x":-4.536212921142578
                }
            },
            {
                "tick":74,
                "easing": "EASEINOUTQUAD",
                "turn": 0,
                "rightArm":{
                    "x":-4.536212921142578
                }
            },
            {
                "tick":114,
                "easing": "EASEINOUTQUAD",
                "turn": 0,
                "rightArm":{
                    "x":-4.536212921142578
                }
            },
            {
                "tick":144,
                "easing": "EASEINOUTQUAD",
                "turn": 0,
                "rightArm":{
                    "x":-4.536212921142578
                }
            },
            {
                "tick":170,
                "easing": "EASEINOUTQUAD",
                "turn": 0,
                "rightArm":{
                    "x":-4.536212921142578
                }
            },
            {
                "tick":176,
                "easing": "EASEINOUTQUAD",
                "turn": 0,
                "rightArm":{
                    "x":-3.6552987098693848
                }
            },
            {
                "tick":191,
                "easing": "EASEINOUTQUAD",
                "turn": 0,
                "rightArm":{
                    "x":-3.7259521484375
                }
            },
            {
                "tick":197,
                "easing": "EASEINOUTQUAD",
                "turn": 0,
                "rightArm":{
                    "x":-3.754854202270508
                }
            },
            {
                "tick":201,
                "easing": "EASEINOUTQUAD",
                "turn": 0,
                "rightArm":{
                    "x":-3.8592422008514404
                }
            },
            {
                "tick":207,
                "easing": "EASEINOUTQUAD",
                "turn": 0,
                "rightArm":{
                    "x":-3.0482358932495117
                }
            },
            {
                "tick":210,
                "easing": "EASEINOUTQUAD",
                "turn": 0,
                "rightArm":{
                    "x":-3.0482358932495117
                }
            },
            {
                "tick":220,
                "easing": "EASEINOUTQUAD",
                "turn": 0,
                "rightArm":{
                    "x":-4.536212921142578
                }
            },
            {
                "tick":15,
                "easing": "EASEINOUTQUAD",
                "turn": 0,
                "rightArm":{
                    "pitch":-1.1345479488372803
                }
            },
            {
                "tick":44,
                "easing": "EASEINOUTQUAD",
                "turn": 0,
                "rightArm":{
                    "pitch":-1.266037106513977
                }
            },
            {
                "tick":74,
                "easing": "EASEINOUTQUAD",
                "turn": 0,
                "rightArm":{
                    "pitch":-1.1345479488372803
                }
            },
            {
                "tick":114,
                "easing": "EASEINOUTQUAD",
                "turn": 0,
                "rightArm":{
                    "pitch":-1.4716662168502808
                }
            },
            {
                "tick":144,
                "easing": "EASEINOUTQUAD",
                "turn": 0,
                "rightArm":{
                    "pitch":-1.1345479488372803
                }
            },
            {
                "tick":170,
                "easing": "EASEINOUTQUAD",
                "turn": 0,
                "rightArm":{
                    "pitch":-1.2289899587631226
                }
            },
            {
                "tick":176,
                "easing": "EASEINOUTQUAD",
                "turn": 0,
                "rightArm":{
                    "pitch":-1.787408471107483
                }
            },
            {
                "tick":191,
                "easing": "EASEINOUTQUAD",
                "turn": 0,
                "rightArm":{
                    "pitch":-1.7661652565002441
                }
            },
            {
                "tick":197,
                "easing": "EASEINOUTQUAD",
                "turn": 0,
                "rightArm":{
                    "pitch":-1.4920082092285156
                }
            },
            {
                "tick":201,
                "easing": "EASEINOUTQUAD",
                "turn": 0,
                "rightArm":{
                    "pitch":-1.4920082092285156
                }
            },
            {
                "tick":207,
                "easing": "EASEINOUTQUAD",
                "turn": 0,
                "rightArm":{
                    "pitch":-1.934709072113037
                }
            },
            {
                "tick":210,
                "easing": "EASEINOUTQUAD",
                "turn": 0,
                "rightArm":{
                    "pitch":-1.9907286167144775
                }
            },
            {
                "tick":220,
                "easing": "EASEINOUTQUAD",
                "turn": 0,
                "rightArm":{
                    "pitch":-1.1345479488372803
                }
            },
            {
                "tick":15,
                "easing": "EASEINOUTQUAD",
                "turn": 0,
                "rightArm":{
                    "bend":-1.7707399129867554
                }
            },
            {
                "tick":22,
                "easing": "EASEINOUTQUAD",
                "turn": 0,
                "rightArm":{
                    "bend":-1.550437092781067
                }
            },
            {
                "tick":43,
                "easing": "EASEINOUTQUAD",
                "turn": 0,
                "rightArm":{
                    "bend":-1.6905570030212402
                }
            },
            {
                "tick":70,
                "easing": "EASEINOUTQUAD",
                "turn": 0,
                "rightArm":{
                    "bend":-1.7302666902542114
                }
            },
            {
                "tick":113,
                "easing": "EASEINOUTQUAD",
                "turn": 0,
                "rightArm":{
                    "bend":-1.5950536727905273
                }
            },
            {
                "tick":134,
                "easing": "EASEINOUTQUAD",
                "turn": 0,
                "rightArm":{
                    "bend":-1.6103737354278564
                }
            },
            {
                "tick":152,
                "easing": "EASEINOUTQUAD",
                "turn": 0,
                "rightArm":{
                    "bend":-1.5005578994750977
                }
            },
            {
                "tick":176,
                "easing": "EASEINOUTQUAD",
                "turn": 0,
                "rightArm":{
                    "bend":-1.495164155960083
                }
            },
            {
                "tick":220,
                "easing": "EASEINOUTQUAD",
                "turn": 0,
                "rightArm":{
                    "bend":-1.7707399129867554
                }
            },
            {
                "tick":15,
                "easing": "EASEINOUTQUAD",
                "turn": 0,
                "leftArm":{
                    "roll":-0.6026529669761658
                }
            },
            {
                "tick":44,
                "easing": "EASEINOUTQUAD",
                "turn": 0,
                "leftArm":{
                    "roll":-0.6356404423713684
                }
            },
            {
                "tick":74,
                "easing": "EASEINOUTQUAD",
                "turn": 0,
                "leftArm":{
                    "roll":-0.6026529669761658
                }
            },
            {
                "tick":114,
                "easing": "EASEINOUTQUAD",
                "turn": 0,
                "leftArm":{
                    "roll":-0.6356404423713684
                }
            },
            {
                "tick":144,
                "easing": "EASEINOUTQUAD",
                "turn": 0,
                "leftArm":{
                    "roll":-0.6026529669761658
                }
            },
            {
                "tick":184,
                "easing": "EASEINOUTQUAD",
                "turn": 0,
                "leftArm":{
                    "roll":-0.6356404423713684
                }
            },
            {
                "tick":220,
                "easing": "EASEINOUTQUAD",
                "turn": 0,
                "leftArm":{
                    "roll":-0.6026529669761658
                }
            },
            {
                "tick":15,
                "easing": "EASEINOUTQUAD",
                "turn": 0,
                "leftArm":{
                    "yaw":-0.04207105562090874
                }
            },
            {
                "tick":44,
                "easing": "EASEINOUTQUAD",
                "turn": 0,
                "leftArm":{
                    "yaw":-0.18754296004772186
                }
            },
            {
                "tick":74,
                "easing": "EASEINOUTQUAD",
                "turn": 0,
                "leftArm":{
                    "yaw":-0.04207105562090874
                }
            },
            {
                "tick":114,
                "easing": "EASEINOUTQUAD",
                "turn": 0,
                "leftArm":{
                    "yaw":-0.18754296004772186
                }
            },
            {
                "tick":144,
                "easing": "EASEINOUTQUAD",
                "turn": 0,
                "leftArm":{
                    "yaw":-0.04207105562090874
                }
            },
            {
                "tick":184,
                "easing": "EASEINOUTQUAD",
                "turn": 0,
                "leftArm":{
                    "yaw":-0.18754296004772186
                }
            },
            {
                "tick":220,
                "easing": "EASEINOUTQUAD",
                "turn": 0,
                "leftArm":{
                    "yaw":-0.04207105562090874
                }
            },
            {
                "tick":15,
                "easing": "EASEINOUTQUAD",
                "turn": 0,
                "leftArm":{
                    "pitch":-1.62020742893219
                }
            },
            {
                "tick":44,
                "easing": "EASEINOUTQUAD",
                "turn": 0,
                "leftArm":{
                    "pitch":-1.7647651433944702
                }
            },
            {
                "tick":74,
                "easing": "EASEINOUTQUAD",
                "turn": 0,
                "leftArm":{
                    "pitch":-1.62020742893219
                }
            },
            {
                "tick":114,
                "easing": "EASEINOUTQUAD",
                "turn": 0,
                "leftArm":{
                    "pitch":-1.7647651433944702
                }
            },
            {
                "tick":144,
                "easing": "EASEINOUTQUAD",
                "turn": 0,
                "leftArm":{
                    "pitch":-1.62020742893219
                }
            },
            {
                "tick":184,
                "easing": "EASEINOUTQUAD",
                "turn": 0,
                "leftArm":{
                    "pitch":-1.7647651433944702
                }
            },
            {
                "tick":220,
                "easing": "EASEINOUTQUAD",
                "turn": 0,
                "leftArm":{
                    "pitch":-1.62020742893219
                }
            },
            {
                "tick":15,
                "easing": "EASEINOUTQUAD",
                "turn": 0,
                "leftArm":{
                    "y":3.276174545288086
                }
            },
            {
                "tick":44,
                "easing": "EASEINOUTQUAD",
                "turn": 0,
                "leftArm":{
                    "y":3.276174545288086
                }
            },
            {
                "tick":74,
                "easing": "EASEINOUTQUAD",
                "turn": 0,
                "leftArm":{
                    "y":3.276174545288086
                }
            },
            {
                "tick":114,
                "easing": "EASEINOUTQUAD",
                "turn": 0,
                "leftArm":{
                    "y":3.276174545288086
                }
            },
            {
                "tick":144,
                "easing": "EASEINOUTQUAD",
                "turn": 0,
                "leftArm":{
                    "y":3.276174545288086
                }
            },
            {
                "tick":184,
                "easing": "EASEINOUTQUAD",
                "turn": 0,
                "leftArm":{
                    "y":3.276174545288086
                }
            },
            {
                "tick":220,
                "easing": "EASEINOUTQUAD",
                "turn": 0,
                "leftArm":{
                    "y":3.276174545288086
                }
            },
            {
                "tick":15,
                "easing": "EASEINOUTQUAD",
                "turn": 0,
                "leftArm":{
                    "z":-2.3011419773101807
                }
            },
            {
                "tick":44,
                "easing": "EASEINOUTQUAD",
                "turn": 0,
                "leftArm":{
                    "z":-2.3011419773101807
                }
            },
            {
                "tick":74,
                "easing": "EASEINOUTQUAD",
                "turn": 0,
                "leftArm":{
                    "z":-2.3011419773101807
                }
            },
            {
                "tick":114,
                "easing": "EASEINOUTQUAD",
                "turn": 0,
                "leftArm":{
                    "z":-2.3011419773101807
                }
            },
            {
                "tick":144,
                "easing": "EASEINOUTQUAD",
                "turn": 0,
                "leftArm":{
                    "z":-2.3011419773101807
                }
            },
            {
                "tick":184,
                "easing": "EASEINOUTQUAD",
                "turn": 0,
                "leftArm":{
                    "z":-2.3011419773101807
                }
            },
            {
                "tick":220,
                "easing": "EASEINOUTQUAD",
                "turn": 0,
                "leftArm":{
                    "z":-2.3011419773101807
                }
            },
            {
                "tick":15,
                "easing": "EASEINOUTQUAD",
                "turn": 0,
                "leftArm":{
                    "x":3.119943380355835
                }
            },
            {
                "tick":44,
                "easing": "EASEINOUTQUAD",
                "turn": 0,
                "leftArm":{
                    "x":3.119943380355835
                }
            },
            {
                "tick":74,
                "easing": "EASEINOUTQUAD",
                "turn": 0,
                "leftArm":{
                    "x":3.119943380355835
                }
            },
            {
                "tick":114,
                "easing": "EASEINOUTQUAD",
                "turn": 0,
                "leftArm":{
                    "x":3.119943380355835
                }
            },
            {
                "tick":144,
                "easing": "EASEINOUTQUAD",
                "turn": 0,
                "leftArm":{
                    "x":3.119943380355835
                }
            },
            {
                "tick":184,
                "easing": "EASEINOUTQUAD",
                "turn": 0,
                "leftArm":{
                    "x":3.119943380355835
                }
            },
            {
                "tick":220,
                "easing": "EASEINOUTQUAD",
                "turn": 0,
                "leftArm":{
                    "x":3.119943380355835
                }
            },
            {
                "tick":15,
                "easing": "EASEINOUTQUAD",
                "turn": 0,
                "leftArm":{
                    "bend":-0.10391481220722198
                }
            },
            {
                "tick":44,
                "easing": "EASEINOUTQUAD",
                "turn": 0,
                "leftArm":{
                    "bend":-0.15451198816299438
                }
            },
            {
                "tick":74,
                "easing": "EASEINOUTQUAD",
                "turn": 0,
                "leftArm":{
                    "bend":-0.10391481220722198
                }
            },
            {
                "tick":114,
                "easing": "EASEINOUTQUAD",
                "turn": 0,
                "leftArm":{
                    "bend":-0.15451198816299438
                }
            },
            {
                "tick":144,
                "easing": "EASEINOUTQUAD",
                "turn": 0,
                "leftArm":{
                    "bend":-0.10391481220722198
                }
            },
            {
                "tick":184,
                "easing": "EASEINOUTQUAD",
                "turn": 0,
                "leftArm":{
                    "bend":-0.15451198816299438
                }
            },
            {
                "tick":220,
                "easing": "EASEINOUTQUAD",
                "turn": 0,
                "leftArm":{
                    "bend":-0.10391481220722198
                }
            },
            {
                "tick":7,
                "easing": "EASEINOUTQUAD",
                "turn": 0,
                "rightLeg":{
                    "yaw":0.5458342432975769
                }
            },
            {
                "tick":15,
                "easing": "EASEINOUTQUAD",
                "turn": 0,
                "rightLeg":{
                    "yaw":0.4638689458370209
                }
            },
            {
                "tick":50,
                "easing": "EASEINOUTQUAD",
                "turn": 0,
                "rightLeg":{
                    "yaw":0.44654226303100586
                }
            },
            {
                "tick":80,
                "easing": "EASEINOUTQUAD",
                "turn": 0,
                "rightLeg":{
                    "yaw":0.4638689458370209
                }
            },
            {
                "tick":120,
                "easing": "EASEINOUTQUAD",
                "turn": 0,
                "rightLeg":{
                    "yaw":0.44654226303100586
                }
            },
            {
                "tick":150,
                "easing": "EASEINOUTQUAD",
                "turn": 0,
                "rightLeg":{
                    "yaw":0.4638689458370209
                }
            },
            {
                "tick":190,
                "easing": "EASEINOUTQUAD",
                "turn": 0,
                "rightLeg":{
                    "yaw":0.44654226303100586
                }
            },
            {
                "tick":220,
                "easing": "EASEINOUTQUAD",
                "turn": 0,
                "rightLeg":{
                    "yaw":0.4638689458370209
                }
            },
            {
                "tick":7,
                "easing": "EASEINOUTQUAD",
                "turn": 0,
                "rightLeg":{
                    "roll":0.28019100427627563
                }
            },
            {
                "tick":15,
                "easing": "EASEINOUTQUAD",
                "turn": 0,
                "rightLeg":{
                    "roll":-0.8501692414283752
                }
            },
            {
                "tick":50,
                "easing": "EASEINOUTQUAD",
                "turn": 0,
                "rightLeg":{
                    "roll":-0.8575621247291565
                }
            },
            {
                "tick":80,
                "easing": "EASEINOUTQUAD",
                "turn": 0,
                "rightLeg":{
                    "roll":-0.8501692414283752
                }
            },
            {
                "tick":120,
                "easing": "EASEINOUTQUAD",
                "turn": 0,
                "rightLeg":{
                    "roll":-0.8575621247291565
                }
            },
            {
                "tick":150,
                "easing": "EASEINOUTQUAD",
                "turn": 0,
                "rightLeg":{
                    "roll":-0.8501692414283752
                }
            },
            {
                "tick":190,
                "easing": "EASEINOUTQUAD",
                "turn": 0,
                "rightLeg":{
                    "roll":-0.8575621247291565
                }
            },
            {
                "tick":220,
                "easing": "EASEINOUTQUAD",
                "turn": 0,
                "rightLeg":{
                    "roll":-0.8501692414283752
                }
            },
            {
                "tick":7,
                "easing": "EASEINOUTQUAD",
                "turn": 0,
                "rightLeg":{
                    "pitch":-0.9071094393730164
                }
            },
            {
                "tick":15,
                "easing": "EASEINOUTQUAD",
                "turn": 0,
                "rightLeg":{
                    "pitch":-1.928410530090332
                }
            },
            {
                "tick":50,
                "easing": "EASEINOUTQUAD",
                "turn": 0,
                "rightLeg":{
                    "pitch":-1.9452251195907593
                }
            },
            {
                "tick":80,
                "easing": "EASEINOUTQUAD",
                "turn": 0,
                "rightLeg":{
                    "pitch":-1.928410530090332
                }
            },
            {
                "tick":120,
                "easing": "EASEINOUTQUAD",
                "turn": 0,
                "rightLeg":{
                    "pitch":-1.9452251195907593
                }
            },
            {
                "tick":150,
                "easing": "EASEINOUTQUAD",
                "turn": 0,
                "rightLeg":{
                    "pitch":-1.928410530090332
                }
            },
            {
                "tick":190,
                "easing": "EASEINOUTQUAD",
                "turn": 0,
                "rightLeg":{
                    "pitch":-1.9452251195907593
                }
            },
            {
                "tick":220,
                "easing": "EASEINOUTQUAD",
                "turn": 0,
                "rightLeg":{
                    "pitch":-1.928410530090332
                }
            },
            {
                "tick":7,
                "easing": "EASEINOUTQUAD",
                "turn": 0,
                "rightLeg":{
                    "x":-1.9
                }
            },
            {
                "tick":15,
                "easing": "EASEINOUTQUAD",
                "turn": 0,
                "rightLeg":{
                    "x":-1.9
                }
            },
            {
                "tick":50,
                "easing": "EASEINOUTQUAD",
                "turn": 0,
                "rightLeg":{
                    "x":-1.9
                }
            },
            {
                "tick":80,
                "easing": "EASEINOUTQUAD",
                "turn": 0,
                "rightLeg":{
                    "x":-1.9
                }
            },
            {
                "tick":120,
                "easing": "EASEINOUTQUAD",
                "turn": 0,
                "rightLeg":{
                    "x":-1.9
                }
            },
            {
                "tick":150,
                "easing": "EASEINOUTQUAD",
                "turn": 0,
                "rightLeg":{
                    "x":-1.9
                }
            },
            {
                "tick":190,
                "easing": "EASEINOUTQUAD",
                "turn": 0,
                "rightLeg":{
                    "x":-1.9
                }
            },
            {
                "tick":220,
                "easing": "EASEINOUTQUAD",
                "turn": 0,
                "rightLeg":{
                    "x":-1.9
                }
            },
            {
                "tick":7,
                "easing": "EASEINOUTQUAD",
                "turn": 0,
                "rightLeg":{
                    "y":12.0
                }
            },
            {
                "tick":15,
                "easing": "EASEINOUTQUAD",
                "turn": 0,
                "rightLeg":{
                    "y":12.0
                }
            },
            {
                "tick":50,
                "easing": "EASEINOUTQUAD",
                "turn": 0,
                "rightLeg":{
                    "y":12.340839445590973
                }
            },
            {
                "tick":80,
                "easing": "EASEINOUTQUAD",
                "turn": 0,
                "rightLeg":{
                    "y":12.0
                }
            },
            {
                "tick":120,
                "easing": "EASEINOUTQUAD",
                "turn": 0,
                "rightLeg":{
                    "y":12.340839445590973
                }
            },
            {
                "tick":150,
                "easing": "EASEINOUTQUAD",
                "turn": 0,
                "rightLeg":{
                    "y":12.0
                }
            },
            {
                "tick":190,
                "easing": "EASEINOUTQUAD",
                "turn": 0,
                "rightLeg":{
                    "y":12.340839445590973
                }
            },
            {
                "tick":220,
                "easing": "EASEINOUTQUAD",
                "turn": 0,
                "rightLeg":{
                    "y":12.0
                }
            },
            {
                "tick":7,
                "easing": "EASEINOUTQUAD",
                "turn": 0,
                "rightLeg":{
                    "z":0.1
                }
            },
            {
                "tick":15,
                "easing": "EASEINOUTQUAD",
                "turn": 0,
                "rightLeg":{
                    "z":0.1
                }
            },
            {
                "tick":50,
                "easing": "EASEINOUTQUAD",
                "turn": 0,
                "rightLeg":{
                    "z":0.34751380085945127
                }
            },
            {
                "tick":80,
                "easing": "EASEINOUTQUAD",
                "turn": 0,
                "rightLeg":{
                    "z":0.1
                }
            },
            {
                "tick":120,
                "easing": "EASEINOUTQUAD",
                "turn": 0,
                "rightLeg":{
                    "z":0.34751380085945127
                }
            },
            {
                "tick":150,
                "easing": "EASEINOUTQUAD",
                "turn": 0,
                "rightLeg":{
                    "z":0.1
                }
            },
            {
                "tick":190,
                "easing": "EASEINOUTQUAD",
                "turn": 0,
                "rightLeg":{
                    "z":0.34751380085945127
                }
            },
            {
                "tick":220,
                "easing": "EASEINOUTQUAD",
                "turn": 0,
                "rightLeg":{
                    "z":0.1
                }
            },
            {
                "tick":7,
                "easing": "EASEINOUTQUAD",
                "turn": 0,
                "rightLeg":{
                    "bend":1.706762671470642
                }
            },
            {
                "tick":15,
                "easing": "EASEINOUTQUAD",
                "turn": 0,
                "rightLeg":{
                    "bend":1.4212710857391357
                }
            },
            {
                "tick":7,
                "easing": "EASEINOUTQUAD",
                "turn": 0,
                "leftLeg":{
                    "yaw":-0.5386947393417358
                }
            },
            {
                "tick":15,
                "easing": "EASEINOUTQUAD",
                "turn": 0,
                "leftLeg":{
                    "yaw":-0.5234039425849915
                }
            },
            {
                "tick":50,
                "easing": "EASEINOUTQUAD",
                "turn": 0,
                "leftLeg":{
                    "yaw":-0.47080087661743164
                }
            },
            {
                "tick":80,
                "easing": "EASEINOUTQUAD",
                "turn": 0,
                "leftLeg":{
                    "yaw":-0.5234039425849915
                }
            },
            {
                "tick":120,
                "easing": "EASEINOUTQUAD",
                "turn": 0,
                "leftLeg":{
                    "yaw":-0.47080087661743164
                }
            },
            {
                "tick":150,
                "easing": "EASEINOUTQUAD",
                "turn": 0,
                "leftLeg":{
                    "yaw":-0.5234039425849915
                }
            },
            {
                "tick":190,
                "easing": "EASEINOUTQUAD",
                "turn": 0,
                "leftLeg":{
                    "yaw":-0.47080087661743164
                }
            },
            {
                "tick":220,
                "easing": "EASEINOUTQUAD",
                "turn": 0,
                "leftLeg":{
                    "yaw":-0.5234039425849915
                }
            },
            {
                "tick":7,
                "easing": "EASEINOUTQUAD",
                "turn": 0,
                "leftLeg":{
                    "roll":-0.17852286994457245
                }
            },
            {
                "tick":15,
                "easing": "EASEINOUTQUAD",
                "turn": 0,
                "leftLeg":{
                    "roll":0.8292040824890137
                }
            },
            {
                "tick":50,
                "easing": "EASEINOUTQUAD",
                "turn": 0,
                "leftLeg":{
                    "roll":0.8546901345252991
                }
            },
            {
                "tick":80,
                "easing": "EASEINOUTQUAD",
                "turn": 0,
                "leftLeg":{
                    "roll":0.8292040824890137
                }
            },
            {
                "tick":120,
                "easing": "EASEINOUTQUAD",
                "turn": 0,
                "leftLeg":{
                    "roll":0.8546901345252991
                }
            },
            {
                "tick":150,
                "easing": "EASEINOUTQUAD",
                "turn": 0,
                "leftLeg":{
                    "roll":0.8292040824890137
                }
            },
            {
                "tick":190,
                "easing": "EASEINOUTQUAD",
                "turn": 0,
                "leftLeg":{
                    "roll":0.8546901345252991
                }
            },
            {
                "tick":220,
                "easing": "EASEINOUTQUAD",
                "turn": 0,
                "leftLeg":{
                    "roll":0.8292040824890137
                }
            },
            {
                "tick":7,
                "easing": "EASEINOUTQUAD",
                "turn": 0,
                "leftLeg":{
                    "pitch":-0.9763175249099731
                }
            },
            {
                "tick":15,
                "easing": "EASEINOUTQUAD",
                "turn": 0,
                "leftLeg":{
                    "pitch":-1.9685730934143066
                }
            },
            {
                "tick":50,
                "easing": "EASEINOUTQUAD",
                "turn": 0,
                "leftLeg":{
                    "pitch":-2.0219879150390625
                }
            },
            {
                "tick":80,
                "easing": "EASEINOUTQUAD",
                "turn": 0,
                "leftLeg":{
                    "pitch":-1.9685730934143066
                }
            },
            {
                "tick":120,
                "easing": "EASEINOUTQUAD",
                "turn": 0,
                "leftLeg":{
                    "pitch":-2.0219879150390625
                }
            },
            {
                "tick":150,
                "easing": "EASEINOUTQUAD",
                "turn": 0,
                "leftLeg":{
                    "pitch":-1.9685730934143066
                }
            },
            {
                "tick":190,
                "easing": "EASEINOUTQUAD",
                "turn": 0,
                "leftLeg":{
                    "pitch":-2.0219879150390625
                }
            },
            {
                "tick":220,
                "easing": "EASEINOUTQUAD",
                "turn": 0,
                "leftLeg":{
                    "pitch":-1.9685730934143066
                }
            },
            {
                "tick":7,
                "easing": "EASEINOUTQUAD",
                "turn": 0,
                "leftLeg":{
                    "y":12.0
                }
            },
            {
                "tick":15,
                "easing": "EASEINOUTQUAD",
                "turn": 0,
                "leftLeg":{
                    "y":12.0
                }
            },
            {
                "tick":50,
                "easing": "EASEINOUTQUAD",
                "turn": 0,
                "leftLeg":{
                    "y":12.546940624713898
                }
            },
            {
                "tick":80,
                "easing": "EASEINOUTQUAD",
                "turn": 0,
                "leftLeg":{
                    "y":12.0
                }
            },
            {
                "tick":120,
                "easing": "EASEINOUTQUAD",
                "turn": 0,
                "leftLeg":{
                    "y":12.546940624713898
                }
            },
            {
                "tick":150,
                "easing": "EASEINOUTQUAD",
                "turn": 0,
                "leftLeg":{
                    "y":12.0
                }
            },
            {
                "tick":190,
                "easing": "EASEINOUTQUAD",
                "turn": 0,
                "leftLeg":{
                    "y":12.546940624713898
                }
            },
            {
                "tick":220,
                "easing": "EASEINOUTQUAD",
                "turn": 0,
                "leftLeg":{
                    "y":12.0
                }
            },
            {
                "tick":7,
                "easing": "EASEINOUTQUAD",
                "turn": 0,
                "leftLeg":{
                    "z":-0.1
                }
            },
            {
                "tick":15,
                "easing": "EASEINOUTQUAD",
                "turn": 0,
                "leftLeg":{
                    "z":-0.1
                }
            },
            {
                "tick":50,
                "easing": "EASEINOUTQUAD",
                "turn": 0,
                "leftLeg":{
                    "z":0.2971822559833527
                }
            },
            {
                "tick":80,
                "easing": "EASEINOUTQUAD",
                "turn": 0,
                "leftLeg":{
                    "z":-0.1
                }
            },
            {
                "tick":120,
                "easing": "EASEINOUTQUAD",
                "turn": 0,
                "leftLeg":{
                    "z":0.2971822559833527
                }
            },
            {
                "tick":150,
                "easing": "EASEINOUTQUAD",
                "turn": 0,
                "leftLeg":{
                    "z":-0.1
                }
            },
            {
                "tick":190,
                "easing": "EASEINOUTQUAD",
                "turn": 0,
                "leftLeg":{
                    "z":0.2971822559833527
                }
            },
            {
                "tick":220,
                "easing": "EASEINOUTQUAD",
                "turn": 0,
                "leftLeg":{
                    "z":-0.1
                }
            },
            {
                "tick":7,
                "easing": "EASEINOUTQUAD",
                "turn": 0,
                "leftLeg":{
                    "x":1.9
                }
            },
            {
                "tick":15,
                "easing": "EASEINOUTQUAD",
                "turn": 0,
                "leftLeg":{
                    "x":1.9
                }
            },
            {
                "tick":50,
                "easing": "EASEINOUTQUAD",
                "turn": 0,
                "leftLeg":{
                    "x":1.9
                }
            },
            {
                "tick":80,
                "easing": "EASEINOUTQUAD",
                "turn": 0,
                "leftLeg":{
                    "x":1.9
                }
            },
            {
                "tick":120,
                "easing": "EASEINOUTQUAD",
                "turn": 0,
                "leftLeg":{
                    "x":1.9
                }
            },
            {
                "tick":150,
                "easing": "EASEINOUTQUAD",
                "turn": 0,
                "leftLeg":{
                    "x":1.9
                }
            },
            {
                "tick":190,
                "easing": "EASEINOUTQUAD",
                "turn": 0,
                "leftLeg":{
                    "x":1.9
                }
            },
            {
                "tick":220,
                "easing": "EASEINOUTQUAD",
                "turn": 0,
                "leftLeg":{
                    "x":1.9
                }
            },
            {
                "tick":7,
                "easing": "EASEINOUTQUAD",
                "turn": 0,
                "leftLeg":{
                    "bend":1.8790327310562134
                }
            },
            {
                "tick":15,
                "easing": "EASEINOUTQUAD",
                "turn": 0,
                "leftLeg":{
                    "bend":1.4964098930358887
                }
            }
        ]
    }
}